attribut,terme_1,terme_2,valeur
pg,(Intercept),(Intercept),0.000584387014835831
pg,h_sd,(Intercept),4.87297550117989e-07
pg,alt_mean,(Intercept),0.000119926291530586
pg,GRECOB,(Intercept),-0.000509118051971917
pg,GRECOC,(Intercept),-0.000548780480344148
pg,GRECOD,(Intercept),-0.00059854287654891
pg,GRECOE,(Intercept),-0.000667413614077764
pg,GRECOF,(Intercept),-0.000504054386772843
pg,GRECOG,(Intercept),-0.000639647808354022
pg,GRECOH,(Intercept),-0.000882022429337134
pg,GRECOI,(Intercept),-0.00073915654101409
pg,GRECOJ,(Intercept),-0.000554393222766906
pg,GRECOK,(Intercept),-0.000651287082591813
pg,(Intercept),h_sd,4.87297550117921e-07
pg,h_sd,h_sd,7.82748200051519e-05
pg,alt_mean,h_sd,-2.14465570423489e-05
pg,GRECOB,h_sd,-4.70423788609182e-05
pg,GRECOC,h_sd,-5.96787768096152e-05
pg,GRECOD,h_sd,-9.60629531833029e-05
pg,GRECOE,h_sd,-3.58016833355244e-05
pg,GRECOF,h_sd,3.28698780167922e-05
pg,GRECOG,h_sd,-1.26802582885464e-05
pg,GRECOH,h_sd,2.5915475970716e-05
pg,GRECOI,h_sd,9.20486867119942e-06
pg,GRECOJ,h_sd,0.00015405191904817
pg,GRECOK,h_sd,9.74774135929439e-05
pg,(Intercept),alt_mean,0.000119926291530586
pg,h_sd,alt_mean,-2.14465570423489e-05
pg,alt_mean,alt_mean,0.00016757138778775
pg,GRECOB,alt_mean,-5.40888893902953e-06
pg,GRECOC,alt_mean,-5.52576123748125e-05
pg,GRECOD,alt_mean,-0.000112003085651238
pg,GRECOE,alt_mean,-0.000221773711846264
pg,GRECOF,alt_mean,-2.11544151211726e-05
pg,GRECOG,alt_mean,-0.000190907938172465
pg,GRECOH,alt_mean,-0.000528233894676797
pg,GRECOI,alt_mean,-0.000331105021994995
pg,GRECOJ,alt_mean,-0.000123168975251727
pg,GRECOK,alt_mean,-0.000237689346482538
pg,(Intercept),GRECOB,-0.000509118051971916
pg,h_sd,GRECOB,-4.70423788609182e-05
pg,alt_mean,GRECOB,-5.40888893902948e-06
pg,GRECOB,GRECOB,0.000650688305804584
pg,GRECOC,GRECOB,0.000539208659225282
pg,GRECOD,GRECOB,0.00056862483979158
pg,GRECOE,GRECOB,0.000542962038988513
pg,GRECOF,GRECOB,0.000476859053857696
pg,GRECOG,GRECOB,0.000524856507109787
pg,GRECOH,GRECOB,0.000538637267915733
pg,GRECOI,GRECOB,0.000526890440347688
pg,GRECOJ,GRECOB,0.000411816878312744
pg,GRECOK,GRECOB,0.000460531290419936
pg,(Intercept),GRECOC,-0.000548780480344148
pg,h_sd,GRECOC,-5.96787768096152e-05
pg,alt_mean,GRECOC,-5.52576123748124e-05
pg,GRECOB,GRECOC,0.000539208659225282
pg,GRECOC,GRECOC,0.000885176798253281
pg,GRECOD,GRECOC,0.000629738169749227
pg,GRECOE,GRECOC,0.000625094738844958
pg,GRECOF,GRECOC,0.000475557987581779
pg,GRECOG,GRECOC,0.000590991444419356
pg,GRECOH,GRECOC,0.000706271403555238
pg,GRECOI,GRECOC,0.000633738364126853
pg,GRECOJ,GRECOC,0.000413639916262884
pg,GRECOK,GRECOC,0.000514355559418884
pg,(Intercept),GRECOD,-0.00059854287654891
pg,h_sd,GRECOD,-9.6062953183303e-05
pg,alt_mean,GRECOD,-0.000112003085651238
pg,GRECOB,GRECOD,0.00056862483979158
pg,GRECOC,GRECOD,0.000629738169749227
pg,GRECOD,GRECOD,0.00183776966483581
pg,GRECOE,GRECOD,0.000737285932742672
pg,GRECOF,GRECOD,0.000465291553747531
pg,GRECOG,GRECOD,0.000677086381503291
pg,GRECOH,GRECOD,0.000909241391972442
pg,GRECOI,GRECOD,0.000765030878859103
pg,GRECOJ,GRECOD,0.000375436221460552
pg,GRECOK,GRECOD,0.000556095082295954
pg,(Intercept),GRECOE,-0.000667413614077764
pg,h_sd,GRECOE,-3.58016833355245e-05
pg,alt_mean,GRECOE,-0.000221773711846264
pg,GRECOB,GRECOE,0.000542962038988513
pg,GRECOC,GRECOE,0.000625094738844958
pg,GRECOD,GRECOE,0.000737285932742672
pg,GRECOE,GRECOE,0.00187948554768854
pg,GRECOF,GRECOE,0.000497603737287248
pg,GRECOG,GRECOE,0.000779436461544007
pg,GRECOH,GRECOE,0.00122976258769731
pg,GRECOI,GRECOE,0.0009616314712366
pg,GRECOJ,GRECOE,0.000540730592173143
pg,GRECOK,GRECOE,0.00075282582824753
pg,(Intercept),GRECOF,-0.000504054386772843
pg,h_sd,GRECOF,3.28698780167921e-05
pg,alt_mean,GRECOF,-2.11544151211725e-05
pg,GRECOB,GRECOF,0.000476859053857696
pg,GRECOC,GRECOF,0.000475557987581779
pg,GRECOD,GRECOF,0.000465291553747531
pg,GRECOE,GRECOF,0.000497603737287248
pg,GRECOF,GRECOF,0.000763901550741349
pg,GRECOG,GRECOF,0.000504518149416059
pg,GRECOH,GRECOF,0.000545274872705905
pg,GRECOI,GRECOF,0.000523791036410747
pg,GRECOJ,GRECOF,0.000566012302300338
pg,GRECOK,GRECOF,0.000552023690290942
pg,(Intercept),GRECOG,-0.000639647808354022
pg,h_sd,GRECOG,-1.26802582885465e-05
pg,alt_mean,GRECOG,-0.000190907938172465
pg,GRECOB,GRECOG,0.000524856507109787
pg,GRECOC,GRECOG,0.000590991444419356
pg,GRECOD,GRECOG,0.000677086381503291
pg,GRECOE,GRECOG,0.000779436461544007
pg,GRECOF,GRECOG,0.000504518149416059
pg,GRECOG,GRECOG,0.000909887474644844
pg,GRECOH,GRECOG,0.00111752184752507
pg,GRECOI,GRECOG,0.000888754200999742
pg,GRECOJ,GRECOG,0.000567609329212406
pg,GRECOK,GRECOG,0.00073307947953684
pg,(Intercept),GRECOH,-0.000882022429337133
pg,h_sd,GRECOH,2.59154759707159e-05
pg,alt_mean,GRECOH,-0.000528233894676797
pg,GRECOB,GRECOH,0.000538637267915733
pg,GRECOC,GRECOH,0.000706271403555238
pg,GRECOD,GRECOH,0.000909241391972441
pg,GRECOE,GRECOH,0.00122976258769731
pg,GRECOF,GRECOH,0.000545274872705905
pg,GRECOG,GRECOH,0.00111752184752507
pg,GRECOH,GRECOH,0.00257310160462294
pg,GRECOI,GRECOH,0.0015572880505851
pg,GRECOJ,GRECOH,0.000807172299124795
pg,GRECOK,GRECOH,0.00120749151904568
pg,(Intercept),GRECOI,-0.00073915654101409
pg,h_sd,GRECOI,9.20486867119928e-06
pg,alt_mean,GRECOI,-0.000331105021994995
pg,GRECOB,GRECOI,0.000526890440347688
pg,GRECOC,GRECOI,0.000633738364126853
pg,GRECOD,GRECOI,0.000765030878859103
pg,GRECOE,GRECOI,0.0009616314712366
pg,GRECOF,GRECOI,0.000523791036410747
pg,GRECOG,GRECOI,0.000888754200999742
pg,GRECOH,GRECOI,0.0015572880505851
pg,GRECOI,GRECOI,0.00173272521641868
pg,GRECOJ,GRECOI,0.000677875070103482
pg,GRECOK,GRECOI,0.000935439947081651
pg,(Intercept),GRECOJ,-0.000554393222766906
pg,h_sd,GRECOJ,0.00015405191904817
pg,alt_mean,GRECOJ,-0.000123168975251727
pg,GRECOB,GRECOJ,0.000411816878312744
pg,GRECOC,GRECOJ,0.000413639916262884
pg,GRECOD,GRECOJ,0.000375436221460553
pg,GRECOE,GRECOJ,0.000540730592173143
pg,GRECOF,GRECOJ,0.000566012302300338
pg,GRECOG,GRECOJ,0.000567609329212406
pg,GRECOH,GRECOJ,0.000807172299124795
pg,GRECOI,GRECOJ,0.000677875070103482
pg,GRECOJ,GRECOJ,0.00118578647656271
pg,GRECOK,GRECOJ,0.000792720767004785
pg,(Intercept),GRECOK,-0.000651287082591813
pg,h_sd,GRECOK,9.74774135929439e-05
pg,alt_mean,GRECOK,-0.000237689346482538
pg,GRECOB,GRECOK,0.000460531290419936
pg,GRECOC,GRECOK,0.000514355559418884
pg,GRECOD,GRECOK,0.000556095082295953
pg,GRECOE,GRECOK,0.00075282582824753
pg,GRECOF,GRECOK,0.000552023690290942
pg,GRECOG,GRECOK,0.00073307947953684
pg,GRECOH,GRECOK,0.00120749151904568
pg,GRECOI,GRECOK,0.000935439947081651
pg,GRECOJ,GRECOK,0.000792720767004785
pg,GRECOK,GRECOK,0.00190872427309633
pv,(Intercept),(Intercept),0.0282318099288349
pv,h_mean,(Intercept),0.00346891430633752
pv,h_sd,(Intercept),-0.00217641821513908
pv,alt_mean,(Intercept),0.00567293902058651
pv,GRECOB,(Intercept),-0.0252946578756099
pv,GRECOC,(Intercept),-0.0278995936060137
pv,GRECOD,(Intercept),-0.0340739509533277
pv,GRECOE,(Intercept),-0.0356015069490791
pv,GRECOF,(Intercept),-0.0247217543998353
pv,GRECOG,(Intercept),-0.0309729708582951
pv,GRECOH,(Intercept),-0.0410833272194821
pv,GRECOI,(Intercept),-0.0354545811934472
pv,GRECOJ,(Intercept),-0.025247419420259
pv,GRECOK,(Intercept),-0.029314664751275
pv,(Intercept),h_mean,0.00346891430633752
pv,h_mean,h_mean,0.00680343051732421
pv,h_sd,h_mean,-0.0042839005498752
pv,alt_mean,h_mean,0.000503229464203603
pv,GRECOB,h_mean,-0.00437733378087682
pv,GRECOC,h_mean,-0.00590634548359609
pv,GRECOD,h_mean,-0.0136122678895612
pv,GRECOE,h_mean,-0.0107391470791067
pv,GRECOF,h_mean,-0.00359727598347029
pv,GRECOG,h_mean,-0.00401675578393464
pv,GRECOH,h_mean,-0.00265312171585556
pv,GRECOI,h_mean,-0.00340061388398673
pv,GRECOJ,h_mean,-0.000352148641709923
pv,GRECOK,h_mean,-0.000328949058059942
pv,(Intercept),h_sd,-0.00217641821513907
pv,h_mean,h_sd,-0.0042839005498752
pv,h_sd,h_sd,0.00640452590279923
pv,alt_mean,h_sd,-0.00144152280395404
pv,GRECOB,h_sd,0.000487237710485539
pv,GRECOC,h_sd,0.00091271107473025
pv,GRECOD,h_sd,0.00407923329912173
pv,GRECOE,h_sd,0.00516560155648533
pv,GRECOF,h_sd,0.00383460146008652
pv,GRECOG,h_sd,0.00228203774303621
pv,GRECOH,h_sd,0.00388348578046772
pv,GRECOI,h_sd,0.00279703765405288
pv,GRECOJ,h_sd,0.0075949259186533
pv,GRECOK,h_sd,0.0050652873989575
pv,(Intercept),alt_mean,0.00567293902058652
pv,h_mean,alt_mean,0.000503229464203605
pv,h_sd,alt_mean,-0.00144152280395404
pv,alt_mean,alt_mean,0.00765615297719905
pv,GRECOB,alt_mean,-0.000480825128101691
pv,GRECOC,alt_mean,-0.00288093058852194
pv,GRECOD,alt_mean,-0.00595030249336877
pv,GRECOE,alt_mean,-0.0106435720267449
pv,GRECOF,alt_mean,-0.00136330602341244
pv,GRECOG,alt_mean,-0.0089465767487016
pv,GRECOH,alt_mean,-0.024111766934635
pv,GRECOI,alt_mean,-0.0156185558453803
pv,GRECOJ,alt_mean,-0.00582875376742509
pv,GRECOK,alt_mean,-0.0105353589456921
pv,(Intercept),GRECOB,-0.0252946578756099
pv,h_mean,GRECOB,-0.00437733378087682
pv,h_sd,GRECOB,0.000487237710485544
pv,alt_mean,GRECOB,-0.000480825128101684
pv,GRECOB,GRECOB,0.0324311271890604
pv,GRECOC,GRECOB,0.02832913536204
pv,GRECOD,GRECOB,0.034668630244476
pv,GRECOE,GRECOB,0.03151564409607
pv,GRECOF,GRECOB,0.0238544560148725
pv,GRECOG,GRECOB,0.0261776454715728
pv,GRECOH,GRECOB,0.0254812127887061
pv,GRECOI,GRECOB,0.0259770617442539
pv,GRECOJ,GRECOB,0.01855631823254
pv,GRECOK,GRECOB,0.0207163664983735
pv,(Intercept),GRECOC,-0.0278995936060137
pv,h_mean,GRECOC,-0.0059063454835961
pv,h_sd,GRECOC,0.000912711074730255
pv,alt_mean,GRECOC,-0.00288093058852193
pv,GRECOB,GRECOC,0.02832913536204
pv,GRECOC,GRECOC,0.0454416587782953
pv,GRECOD,GRECOC,0.0405018800361478
pv,GRECOE,GRECOC,0.0376393120898522
pv,GRECOF,GRECOC,0.0246445110913091
pv,GRECOG,GRECOC,0.030053249463933
pv,GRECOH,GRECOC,0.0335817854886102
pv,GRECOI,GRECOC,0.0317525307819258
pv,GRECOJ,GRECOC,0.0187672305332995
pv,GRECOK,GRECOC,0.0231284832144041
pv,(Intercept),GRECOD,-0.0340739509533276
pv,h_mean,GRECOD,-0.0136122678895612
pv,h_sd,GRECOD,0.00407923329912175
pv,alt_mean,GRECOD,-0.00595030249336876
pv,GRECOB,GRECOD,0.034668630244476
pv,GRECOC,GRECOD,0.0405018800361478
pv,GRECOD,GRECOD,0.112138505431441
pv,GRECOE,GRECOD,0.0548039445830387
pv,GRECOF,GRECOD,0.0282622372003795
pv,GRECOG,GRECOD,0.0383245202232162
pv,GRECOH,GRECOD,0.0451966774988216
pv,GRECOI,GRECOD,0.0415810459779795
pv,GRECOJ,GRECOD,0.0172886119619381
pv,GRECOK,GRECOD,0.0250306692203748
pv,(Intercept),GRECOE,-0.0356015069490791
pv,h_mean,GRECOE,-0.0107391470791067
pv,h_sd,GRECOE,0.00516560155648535
pv,alt_mean,GRECOE,-0.0106435720267449
pv,GRECOB,GRECOE,0.03151564409607
pv,GRECOC,GRECOE,0.0376393120898522
pv,GRECOD,GRECOE,0.0548039445830387
pv,GRECOE,GRECOE,0.106676564840326
pv,GRECOF,GRECOE,0.0283126692993565
pv,GRECOG,GRECOE,0.0412631059650375
pv,GRECOH,GRECOE,0.0586675474065426
pv,GRECOI,GRECOE,0.0490508757372744
pv,GRECOJ,GRECOE,0.0248721003586888
pv,GRECOK,GRECOE,0.0336872806978752
pv,(Intercept),GRECOF,-0.0247217543998353
pv,h_mean,GRECOF,-0.00359727598347029
pv,h_sd,GRECOF,0.00383460146008652
pv,alt_mean,GRECOF,-0.00136330602341244
pv,GRECOB,GRECOF,0.0238544560148725
pv,GRECOC,GRECOF,0.0246445110913091
pv,GRECOD,GRECOF,0.0282622372003795
pv,GRECOE,GRECOF,0.0283126692993565
pv,GRECOF,GRECOF,0.0361948334421858
pv,GRECOG,GRECOF,0.025192195638236
pv,GRECOH,GRECOF,0.0267518207753936
pv,GRECOI,GRECOF,0.025798598211726
pv,GRECOJ,GRECOF,0.0260406496214376
pv,GRECOK,GRECOF,0.0254304796278329
pv,(Intercept),GRECOG,-0.0309729708582951
pv,h_mean,GRECOG,-0.00401675578393465
pv,h_sd,GRECOG,0.00228203774303622
pv,alt_mean,GRECOG,-0.00894657674870159
pv,GRECOB,GRECOG,0.0261776454715728
pv,GRECOC,GRECOG,0.030053249463933
pv,GRECOD,GRECOG,0.0383245202232162
pv,GRECOE,GRECOG,0.0412631059650375
pv,GRECOF,GRECOG,0.025192195638236
pv,GRECOG,GRECOG,0.0445732061699318
pv,GRECOH,GRECOG,0.0517121753793695
pv,GRECOI,GRECOG,0.0425757869197767
pv,GRECOJ,GRECOG,0.0264194345650628
pv,GRECOK,GRECOG,0.0331324009116645
pv,(Intercept),GRECOH,-0.0410833272194821
pv,h_mean,GRECOH,-0.00265312171585557
pv,h_sd,GRECOH,0.00388348578046772
pv,alt_mean,GRECOH,-0.024111766934635
pv,GRECOB,GRECOH,0.0254812127887061
pv,GRECOC,GRECOH,0.0335817854886102
pv,GRECOD,GRECOH,0.0451966774988217
pv,GRECOE,GRECOH,0.0586675474065426
pv,GRECOF,GRECOH,0.0267518207753936
pv,GRECOG,GRECOH,0.0517121753793695
pv,GRECOH,GRECOH,0.117796876019065
pv,GRECOI,GRECOH,0.0725910092397669
pv,GRECOJ,GRECOH,0.0383559642037913
pv,GRECOK,GRECOH,0.0543203486905386
pv,(Intercept),GRECOI,-0.0354545811934472
pv,h_mean,GRECOI,-0.00340061388398673
pv,h_sd,GRECOI,0.00279703765405289
pv,alt_mean,GRECOI,-0.0156185558453803
pv,GRECOB,GRECOI,0.0259770617442539
pv,GRECOC,GRECOI,0.0317525307819259
pv,GRECOD,GRECOI,0.0415810459779795
pv,GRECOE,GRECOI,0.0490508757372745
pv,GRECOF,GRECOI,0.025798598211726
pv,GRECOG,GRECOI,0.0425757869197767
pv,GRECOH,GRECOI,0.0725910092397669
pv,GRECOI,GRECOI,0.0822746902091241
pv,GRECOJ,GRECOI,0.0313406291748238
pv,GRECOK,GRECOI,0.0422873371366383
pv,(Intercept),GRECOJ,-0.025247419420259
pv,h_mean,GRECOJ,-0.00035214864170992
pv,h_sd,GRECOJ,0.0075949259186533
pv,alt_mean,GRECOJ,-0.00582875376742507
pv,GRECOB,GRECOJ,0.01855631823254
pv,GRECOC,GRECOJ,0.0187672305332995
pv,GRECOD,GRECOJ,0.017288611961938
pv,GRECOE,GRECOJ,0.0248721003586888
pv,GRECOF,GRECOJ,0.0260406496214376
pv,GRECOG,GRECOJ,0.0264194345650628
pv,GRECOH,GRECOJ,0.0383559642037913
pv,GRECOI,GRECOJ,0.0313406291748238
pv,GRECOJ,GRECOJ,0.0517151149955741
pv,GRECOK,GRECOJ,0.0365359928452716
pv,(Intercept),GRECOK,-0.029314664751275
pv,h_mean,GRECOK,-0.000328949058059944
pv,h_sd,GRECOK,0.00506528739895751
pv,alt_mean,GRECOK,-0.0105353589456921
pv,GRECOB,GRECOK,0.0207163664983735
pv,GRECOC,GRECOK,0.0231284832144041
pv,GRECOD,GRECOK,0.0250306692203748
pv,GRECOE,GRECOK,0.0336872806978752
pv,GRECOF,GRECOK,0.0254304796278329
pv,GRECOG,GRECOK,0.0331324009116645
pv,GRECOH,GRECOK,0.0543203486905386
pv,GRECOI,GRECOK,0.0422873371366382
pv,GRECOJ,GRECOK,0.0365359928452716
pv,GRECOK,GRECOK,0.0797109449009495
