attribut,terme,beta,centre,echelle
pg,(Intercept),0.742344772436329,,
pg,h_sd,0.081448513808929,6.13524677051507,1.28063761179645
pg,alt_mean,-0.0451774189343449,420.691723432819,439.538407471358
pg,GRECOB,-0.177026240920866,,
pg,GRECOC,-0.168006678751968,,
pg,GRECOD,-0.0692655389882187,,
pg,GRECOE,-0.107059820022819,,
pg,GRECOF,0.00565746777619014,,
pg,GRECOG,-0.0558223717402268,,
pg,GRECOH,-0.149636831844763,,
pg,GRECOI,-0.133725219801344,,
pg,GRECOJ,-0.24470107587971,,
pg,GRECOK,-0.143981023247757,,
pv,(Intercept),6.0696615057325,,
pv,h_mean,0.676628290167232,14.7427007045045,3.23064660895641
pv,h_sd,0.797576353647925,6.13524677051507,1.28063761179645
pv,alt_mean,-0.272987445206852,420.691723432819,439.538407471358
pv,GRECOB,-1.62556410316837,,
pv,GRECOC,-1.83445473180383,,
pv,GRECOD,-1.00975704125919,,
pv,GRECOE,-1.10856680067039,,
pv,GRECOF,-0.58602518576555,,
pv,GRECOG,-0.62384117894802,,
pv,GRECOH,-1.47267059593318,,
pv,GRECOI,-1.8261918617338,,
pv,GRECOJ,-1.70566640698622,,
pv,GRECOK,-1.61940893392693,,
