ser,h_mean,h_sd,alt_mean,alt_sd
A11,12.5791,5.53194,123.275,68.7985
A12,13.5605,6.15698,79.2589,36.5655
A13,13.7218,6.9988,161.744,74.282
A21,13.7183,5.64293,59.7573,37.6965
A22,12.1564,5.79988,54.071,27.9141
A30,11.2169,4.98659,69.4296,45.453
B10,16.1257,7.9196,103.812,53.6289
B21,12.1182,7.07929,24.3126,14.8919
B22,12.3112,6.97564,74.378,35.8953
B23,16.8223,8.32965,168.714,38.0825
B31,13.0357,6.71579,110.101,69.916
B32,17.4094,6.98754,127.996,61.5744
B33,17.6823,7.28005,181.275,53.0666
B41,16.4218,7.35092,98.1003,43.0639
B42,17.5094,6.96516,141.491,58.8821
B43,12.4718,5.71989,117.056,39.515
B44,13.1748,6.01116,125.172,27.6637
B51,18.4288,6.81495,160.549,42.0743
B52,18.3899,6.54897,180.682,54.8998
B53,18.7741,7.02018,245.426,55.1854
B61,15.4902,6.38962,73.4039,32.0239
B62,16.6906,6.35925,107.757,29.6374
B70,16.4125,5.28966,124.214,24.3793
B81,14.0342,5.77635,80.5088,29.0311
B82,14.4962,5.55639,125.321,24.3181
B91,15.9034,6.72828,195.92,45.2321
B92,16.067,7.06451,304.192,82.4153
C11,20.4866,6.47473,290.652,79.2746
C12,21.7585,6.89218,204.44,39.236
C20,17.0842,6.46041,322.605,83.88
C30,18.0333,7.40176,281.167,61.2821
C41,14.9519,7.00616,176.32,43.4527
C42,17.8225,8.38776,363.545,54.5561
C51,17.1908,7.19265,224.755,33.9312
C52,14.0429,6.68037,425.423,184.529
D11,23.4172,7.53712,574.478,219.48
D12,20.474,8.00683,351.659,99.4568
E10,17.2943,6.63351,529.524,165.74
E20,21.5649,7.32207,921.071,196.686
F11,13.1736,5.20945,147.233,34.3109
F12,11.5089,4.89981,65.6346,41.0917
F13,11.1157,5.67584,5.55952,4.43219
F14,13.4812,5.41942,59.7141,40.2878
F15,15.5771,5.26901,176.959,50.598
F21,14.0628,5.50483,63.4169,36.5876
F22,15.5586,5.85129,19.4513,11.8668
F23,15.2506,5.11507,81.9525,32.0692
F30,12.7857,5.62515,187.51,122.222
F40,10.8134,4.14971,255.696,71.6621
F51,14.9414,6.189,99.9472,73.3296
F52,14.9345,6.11329,155.81,85.8357
G11,15.3119,6.24364,301.686,90.8524
G12,13.7995,5.87809,336.859,96.8618
G13,17.9976,6.78604,555.412,115.24
G21,18.2316,7.21191,771.917,95.3715
G22,17.352,7.45002,902.765,248.832
G23,19.4738,7.59388,466.76,114.986
G30,15.2282,6.65755,1008.61,209.384
G41,15.7008,8.03304,528.967,161.291
G42,15.3681,7.02453,682.178,277.358
G50,15.4976,6.16789,509.18,159.126
G60,11.0618,4.59314,728.766,176.018
G70,13.9663,5.23451,685.077,327.305
G80,14.986,6.735,660.284,204.341
G90,12.9477,6.14251,462.908,153.933
H10,19.2523,8.06829,1219.23,397.263
H21,17.7508,8.73287,1516.09,659.876
H22,12.6205,6.95793,1993.1,617.58
H30,11.4076,4.36633,1002.27,313.525
H41,13.7872,5.88636,1502,553.343
H42,12.6472,6.29703,2048.11,522.047
I11,16.9321,6.8774,400.718,118.738
I12,16.5587,6.75823,1016.92,421.114
I13,10.8007,4.83234,517.742,161.478
I21,16.4874,7.84175,1320.44,602.073
I22,11.9513,4.84396,1440.26,585.602
J10,8.44336,3.26367,218.394,129.41
J21,7.78631,2.71185,265.431,204.091
J22,8.90686,3.63291,199.25,183.811
J23,9.77986,3.89059,343.331,183.506
J24,11.7992,4.45367,396.756,290.336
J30,8.63084,3.17237,178.159,131.477
J40,9.3629,3.5624,603.997,299.419
K11,8.87232,3.49159,338.02,242.489
K12,13.3266,5.75685,1119.41,419.949
K13,10.226,4.8349,468.151,313.527
