"species","age","class_1","class_2","class_3","class_4","class_5"
"QUPE",10,3.33,2.98,2.54,2.11,1.76
"QUPE",15,5.66,5.07,4.32,3.58,2.98
"QUPE",20,8.07,7.22,6.16,5.1,4.25
"QUPE",25,10.46,9.36,7.98,6.6,5.5
"QUPE",30,12.76,11.42,9.74,8.06,6.72
"QUPE",35,14.95,13.38,11.41,9.44,7.87
"QUPE",40,17.01,15.22,12.98,10.74,8.95
"QUPE",45,18.93,16.94,14.45,11.96,9.96
"QUPE",50,20.71,18.53,15.8,13.08,10.9
"QUPE",55,22.34,19.99,17.05,14.11,11.76
"QUPE",60,23.84,21.33,18.19,15.06,12.55
"QUPE",65,25.21,22.56,19.24,15.92,13.27
"QUPE",70,26.46,23.68,20.19,16.71,13.93
"QUPE",75,27.6,24.69,21.06,17.43,14.52
"QUPE",80,28.63,25.61,21.85,18.08,15.07
"QUPE",85,29.56,26.45,22.56,18.67,15.56
"QUPE",90,30.41,27.21,23.21,19.21,16
"QUPE",95,31.17,27.89,23.79,19.69,16.41
"QUPE",100,31.86,28.51,24.32,20.12,16.77
"QUPE",105,32.48,29.07,24.79,20.52,17.1
"QUPE",110,33.05,29.57,25.22,20.87,17.39
"QUPE",115,33.55,30.02,25.6,21.19,17.66
"QUPE",120,34.01,30.43,25.95,21.48,17.9
"QUPE",125,34.41,30.79,26.26,21.74,18.11
"QUPE",130,34.78,31.12,26.54,21.97,18.31
"QUPE",135,35.11,31.42,26.8,22.18,18.48
"QUPE",140,35.41,31.68,27.02,22.36,18.64
"QUPE",145,35.68,31.92,27.23,22.53,18.78
"QUPE",150,35.92,32.14,27.41,22.68,18.9
"QURO",10,2.78,2.47,2.08,1.7,1.39
"QURO",15,4.75,4.22,3.56,2.9,2.38
"QURO",20,6.81,6.06,5.11,4.16,3.41
"QURO",25,8.89,7.9,6.66,5.43,4.44
"QURO",30,10.91,9.7,8.18,6.67,5.46
"QURO",35,12.86,11.43,9.64,7.86,6.43
"QURO",40,14.71,13.08,11.03,8.99,7.36
"QURO",45,16.46,14.63,12.34,10.06,8.23
"QURO",50,18.09,16.08,13.57,11.06,9.05
"QURO",55,19.62,17.44,14.71,11.99,9.81
"QURO",60,21.03,18.69,15.77,12.85,10.51
"QURO",65,22.34,19.86,16.75,13.65,11.17
"QURO",70,23.54,20.93,17.66,14.39,11.77
"QURO",75,24.65,21.91,18.49,15.06,12.33
"QURO",80,25.67,22.82,19.25,15.69,12.83
"QURO",85,26.6,23.64,19.95,16.26,13.3
"QURO",90,27.45,24.4,20.59,16.78,13.73
"QURO",95,28.23,25.1,21.17,17.25,14.12
"QURO",100,28.95,25.73,21.71,17.69,14.47
"QURO",105,29.59,26.31,22.2,18.09,14.8
"QURO",110,30.19,26.83,22.64,18.45,15.09
"QURO",115,30.72,27.31,23.04,18.78,15.36
"QURO",120,31.21,27.75,23.41,19.08,15.61
"QURO",125,31.66,28.14,23.74,19.35,15.83
"QURO",130,32.06,28.5,24.05,19.6,16.03
"QURO",135,32.43,28.83,24.32,19.82,16.22
"QURO",140,32.77,29.13,24.58,20.02,16.38
"QURO",145,33.07,29.4,24.8,20.21,16.54
"QURO",150,33.35,29.64,25.01,20.38,16.67
"CASA",10,5.07,4.47,3.88,3.28,2.68
"CASA",15,8.02,7.07,6.13,5.19,4.24
"CASA",20,10.84,9.56,8.29,7.01,5.74
"CASA",25,13.46,11.88,10.29,8.71,7.13
"CASA",30,15.85,13.99,12.12,10.26,8.39
"CASA",35,18.01,15.9,13.78,11.66,9.54
"CASA",40,19.95,17.6,15.26,12.91,10.56
"CASA",45,21.67,19.12,16.57,14.02,11.47
"CASA",50,23.2,20.47,17.74,15.01,12.28
"CASA",55,24.55,21.66,18.77,15.88,13
"CASA",60,25.74,22.71,19.68,16.65,13.63
"CASA",65,26.78,23.63,20.48,17.33,14.18
"CASA",70,27.7,24.44,21.18,17.92,14.66
"CASA",75,28.5,25.15,21.8,18.44,15.09
"CASA",80,29.21,25.77,22.33,18.9,15.46
"CASA",85,29.82,26.31,22.81,19.3,15.79
"CASA",90,30.36,26.79,23.22,19.64,16.07
"CASA",95,30.83,27.2,23.58,19.95,16.32
"CASA",100,31.24,27.56,23.89,20.21,16.54
"CASA",105,31.6,27.88,24.16,20.44,16.73
"CASA",110,31.91,28.15,24.4,20.65,16.89
"CASA",115,32.18,28.39,24.61,20.82,17.04
"CASA",120,32.42,28.6,24.79,20.97,17.16
"CASA",125,32.62,28.78,24.95,21.11,17.27
"CASA",130,32.8,28.94,25.08,21.22,17.37
"CASA",135,32.96,29.08,25.2,21.32,17.45
"CASA",140,33.09,29.2,25.31,21.41,17.52
"CASA",145,33.21,29.3,25.4,21.49,17.58
"CASA",150,33.31,29.39,25.48,21.56,17.64
"PIAB",10,6.72,6.08,5.12,4.16,3.2
"PIAB",15,10.45,9.45,7.96,6.47,4.98
"PIAB",20,13.97,12.64,10.64,8.65,6.65
"PIAB",25,17.21,15.57,13.11,10.65,8.19
"PIAB",30,20.15,18.23,15.35,12.47,9.59
"PIAB",35,22.78,20.61,17.36,14.1,10.85
"PIAB",40,25.13,22.74,19.15,15.56,11.97
"PIAB",45,27.22,24.63,20.74,16.85,12.96
"PIAB",50,29.07,26.3,22.15,17.99,13.84
"PIAB",55,30.69,27.77,23.38,19,14.62
"PIAB",60,32.12,29.06,24.47,19.89,15.3
"PIAB",65,33.38,30.2,25.43,20.66,15.89
"PIAB",70,34.48,31.19,26.27,21.34,16.42
"PIAB",75,35.44,32.07,27,21.94,16.88
"PIAB",80,36.28,32.83,27.64,22.46,17.28
"PIAB",85,37.02,33.49,28.2,22.92,17.63
"PIAB",90,37.66,34.07,28.69,23.31,17.93
"PIAB",95,38.22,34.58,29.12,23.66,18.2
"PIAB",100,38.71,35.02,29.49,23.96,18.43
"PIAB",105,39.14,35.41,29.82,24.23,18.64
"PIAB",110,39.51,35.75,30.1,24.46,18.81
"PIAB",115,39.83,36.04,30.35,24.66,18.97
"PIAB",120,40.11,36.29,30.56,24.83,19.1
"PIAB",125,40.36,36.52,30.75,24.98,19.22
"PIAB",130,40.57,36.71,30.91,25.12,19.32
"PIAB",135,40.76,36.88,31.05,25.23,19.41
"PIAB",140,40.92,37.02,31.18,25.33,19.49
"PIAB",145,41.06,37.15,31.28,25.42,19.55
"PIAB",150,41.18,37.26,31.38,25.49,19.61
"ABAL",10,5.91,5.1,4.3,3.49,2.68
"ABAL",15,9.29,8.02,6.76,5.49,4.22
"ABAL",20,12.56,10.85,9.13,7.42,5.71
"ABAL",25,15.64,13.5,11.37,9.24,7.11
"ABAL",30,18.49,15.97,13.45,10.92,8.4
"ABAL",35,21.11,18.23,15.35,12.47,9.59
"ABAL",40,23.49,20.29,17.09,13.88,10.68
"ABAL",45,25.66,22.16,18.66,15.16,11.66
"ABAL",50,27.61,23.85,20.08,16.32,12.55
"ABAL",55,29.38,25.37,21.36,17.36,13.35
"ABAL",60,30.96,26.74,22.52,18.29,14.07
"ABAL",65,32.38,27.96,23.55,19.13,14.72
"ABAL",70,33.65,29.06,24.47,19.89,15.3
"ABAL",75,34.79,30.05,25.3,20.56,15.81
"ABAL",80,35.81,30.92,26.04,21.16,16.28
"ABAL",85,36.71,31.71,26.7,21.69,16.69
"ABAL",90,37.52,32.4,27.29,22.17,17.05
"ABAL",95,38.24,33.03,27.81,22.6,17.38
"ABAL",100,38.88,33.58,28.28,22.98,17.67
"ABAL",105,39.45,34.07,28.69,23.31,17.93
"ABAL",110,39.96,34.51,29.06,23.61,18.16
"ABAL",115,40.41,34.9,29.39,23.88,18.37
"ABAL",120,40.82,35.25,29.68,24.12,18.55
"ABAL",125,41.17,35.56,29.94,24.33,18.72
"ABAL",130,41.49,35.83,30.18,24.52,18.86
"ABAL",135,41.77,36.08,30.38,24.68,18.99
"ABAL",140,42.02,36.29,30.56,24.83,19.1
"ABAL",145,42.25,36.49,30.72,24.96,19.2
"ABAL",150,42.44,36.66,30.87,25.08,19.29
"PSME",10,9.28,8.17,6.87,5.57,4.46
"PSME",15,14.27,12.56,10.56,8.56,6.85
"PSME",20,18.88,16.61,13.97,11.33,9.06
"PSME",25,23.02,20.26,17.04,13.81,11.05
"PSME",30,26.7,23.49,19.75,16.02,12.81
"PSME",35,29.92,26.33,22.14,17.95,14.36
"PSME",40,32.74,28.81,24.23,19.64,15.71
"PSME",45,35.18,30.96,26.03,21.11,16.89
"PSME",50,37.29,32.82,27.6,22.38,17.9
"PSME",55,39.12,34.42,28.95,23.47,18.78
"PSME",60,40.69,35.81,30.11,24.41,19.53
"PSME",65,42.04,36.99,31.11,25.22,20.18
"PSME",70,43.19,38.01,31.96,25.92,20.73
"PSME",75,44.19,38.88,32.7,26.51,21.21
"PSME",80,45.03,39.63,33.33,27.02,21.62
"PSME",85,45.76,40.27,33.86,27.46,21.97
"PSME",90,46.38,40.82,34.32,27.83,22.26
"PSME",95,46.91,41.28,34.72,28.15,22.52
"PSME",100,47.37,41.68,35.05,28.42,22.74
"PSME",105,47.75,42.02,35.34,28.65,22.92
"PSME",110,48.08,42.31,35.58,28.85,23.08
"PSME",115,48.37,42.56,35.79,29.02,23.22
"PSME",120,48.61,42.77,35.97,29.16,23.33
"PSME",125,48.81,42.96,36.12,29.29,23.43
"PSME",130,48.99,43.11,36.25,29.39,23.51
"PSME",135,49.14,43.24,36.36,29.48,23.59
"PSME",140,49.26,43.35,36.46,29.56,23.65
"PSME",145,49.37,43.45,36.54,29.62,23.7
"PSME",150,49.47,43.53,36.6,29.68,23.74
"PISY",10,5.57,4.83,4.08,3.34,2.6
"PISY",15,8.56,7.42,6.28,5.14,4
"PISY",20,11.33,9.82,8.31,6.8,5.29
"PISY",25,13.81,11.97,10.13,8.29,6.45
"PISY",30,16.02,13.88,11.75,9.61,7.47
"PISY",35,17.95,15.56,13.17,10.77,8.38
"PISY",40,19.64,17.02,14.4,11.79,9.17
"PISY",45,21.11,18.29,15.48,12.67,9.85
"PISY",50,22.38,19.39,16.41,13.43,10.44
"PISY",55,23.47,20.34,17.21,14.08,10.95
"PISY",60,24.41,21.16,17.9,14.65,11.39
"PISY",65,25.22,21.86,18.5,15.13,11.77
"PISY",70,25.92,22.46,19.01,15.55,12.09
"PISY",75,26.51,22.98,19.44,15.91,12.37
"PISY",80,27.02,23.42,19.82,16.21,12.61
"PISY",85,27.46,23.8,20.13,16.47,12.81
"PISY",90,27.83,24.12,20.41,16.7,12.99
"PISY",95,28.15,24.39,20.64,16.89,13.14
"PISY",100,28.42,24.63,20.84,17.05,13.26
"PISY",105,28.65,24.83,21.01,17.19,13.37
"PISY",110,28.85,25,21.16,17.31,13.46
"PISY",115,29.02,25.15,21.28,17.41,13.54
"PISY",120,29.16,25.28,21.39,17.5,13.61
"PISY",125,29.29,25.38,21.48,17.57,13.67
"PISY",130,29.39,25.47,21.55,17.64,13.72
"PISY",135,29.48,25.55,21.62,17.69,13.76
"PISY",140,29.56,25.62,21.68,17.74,13.79
"PISY",145,29.62,25.67,21.72,17.77,13.82
"PISY",150,29.68,25.72,21.76,17.81,13.85
"PIPI",10,8.87,7.69,6.51,5.32,4.14
"PIPI",15,12.77,11.07,9.37,7.66,5.96
"PIPI",20,16.04,13.9,11.76,9.62,7.48
"PIPI",25,18.73,16.23,13.74,11.24,8.74
"PIPI",30,20.93,18.14,15.35,12.56,9.77
"PIPI",35,22.71,19.68,16.66,13.63,10.6
"PIPI",40,24.15,20.93,17.71,14.49,11.27
"PIPI",45,25.31,21.94,18.56,15.19,11.81
"PIPI",50,26.25,22.75,19.25,15.75,12.25
"PIPI",55,27,23.4,19.8,16.2,12.6
"PIPI",60,27.6,23.92,20.24,16.56,12.88
"PIPI",65,28.08,24.33,20.59,16.85,13.1
"PIPI",70,28.46,24.67,20.87,17.08,13.28
"PIPI",75,28.77,24.94,21.1,17.26,13.43
"PIPI",80,29.02,25.15,21.28,17.41,13.54
"PIPI",85,29.22,25.32,21.43,17.53,13.63
"PIPI",90,29.37,25.46,21.54,17.62,13.71
"PIPI",95,29.5,25.57,21.63,17.7,13.77
"PIPI",100,29.6,25.65,21.71,17.76,13.81
"PIPI",105,29.68,25.72,21.77,17.81,13.85
"PIPI",110,29.75,25.78,21.81,17.85,13.88
"PIPI",115,29.8,25.82,21.85,17.88,13.91
"PIPI",120,29.84,25.86,21.88,17.9,13.92
"PIPI",125,29.87,25.89,21.9,17.92,13.94
"PIPI",130,29.9,25.91,21.92,17.94,13.95
"PIPI",135,29.92,25.93,21.94,17.95,13.96
"PIPI",140,29.93,25.94,21.95,17.96,13.97
"PIPI",145,29.95,25.95,21.96,17.97,13.98
"PIPI",150,29.96,25.96,21.97,17.97,13.98
"POSP",10,18.68,16.6,14.53,12.45,10.38
"POSP",15,24.27,21.57,18.88,16.18,13.48
"POSP",20,28.09,24.97,21.85,18.73,15.61
"POSP",25,30.68,27.27,23.86,20.45,17.04
"POSP",30,32.42,28.82,25.22,21.62,18.01
"POSP",35,33.6,29.87,26.13,22.4,18.67
"POSP",40,34.39,30.57,26.75,22.93,19.11
"POSP",45,34.92,31.04,27.16,23.28,19.4
"POSP",50,35.28,31.36,27.44,23.52,19.6
"POSP",55,35.51,31.57,27.62,23.68,19.73
"POSP",60,35.67,31.71,27.75,23.78,19.82
"POSP",65,35.78,31.81,27.83,23.85,19.88
"POSP",70,35.85,31.87,27.89,23.9,19.92
"POSP",75,35.9,31.91,27.92,23.93,19.95
"POSP",80,35.93,31.94,27.95,23.96,19.96
"POSP",85,35.96,31.96,27.97,23.97,19.98
"POSP",90,35.97,31.97,27.98,23.98,19.98
"POSP",95,35.98,31.98,27.98,23.99,19.99
"POSP",100,35.99,31.99,27.99,23.99,19.99
"POSP",105,35.99,31.99,27.99,23.99,20
"POSP",110,35.99,31.99,28,24,20
"POSP",115,36,32,28,24,20
"POSP",120,36,32,28,24,20
"POSP",125,36,32,28,24,20
"POSP",130,36,32,28,24,20
"POSP",135,36,32,28,24,20
"POSP",140,36,32,28,24,20
"POSP",145,36,32,28,24,20
"POSP",150,36,32,28,24,20
"FASY",10,2.95,2.7,2.47,2.24,2.02
"FASY",15,5.44,4.8,4.15,3.54,2.97
"FASY",20,8.19,7.12,6.06,5.04,4.04
"FASY",25,10.95,9.52,8.06,6.62,5.2
"FASY",30,13.59,11.87,10.08,8.25,6.42
"FASY",35,16.06,14.11,12.04,9.88,7.67
"FASY",40,18.33,16.22,13.93,11.48,8.92
"FASY",45,20.41,18.16,15.71,13.04,10.16
"FASY",50,22.29,19.98,17.4,14.52,11.38
"FASY",55,24.01,21.65,18.97,15.95,12.58
"FASY",60,25.58,23.18,20.44,17.3,13.73
"FASY",65,27.01,24.6,21.81,18.59,14.85
"FASY",70,28.3,25.91,23.1,19.8,15.93
"FASY",75,29.5,27.12,24.3,20.94,16.96
"FASY",80,30.59,28.23,25.41,22.03,17.95
"FASY",85,31.6,29.26,26.46,23.06,18.91
"FASY",90,32.53,30.23,27.44,24.02,19.81
"FASY",95,33.4,31.12,28.35,24.94,20.68
"FASY",100,34.2,31.95,29.22,25.81,21.52
"FASY",105,34.94,32.74,30.02,26.63,22.32
"FASY",110,35.63,33.46,30.78,27.41,23.09
"FASY",115,36.28,34.14,31.5,28.15,23.82
"FASY",120,36.88,34.79,32.18,28.86,24.52
"FASY",125,37.46,35.39,32.82,29.52,25.19
"FASY",130,37.99,35.97,33.42,30.16,25.84
"FASY",135,38.5,36.5,34,30.76,26.45
"FASY",140,38.97,37.01,34.54,31.34,27.05
"FASY",145,39.42,37.5,35.06,31.88,27.62
"FASY",150,39.84,37.95,35.55,32.41,28.16
"FASY_NO",10,2.93,2.71,2.5,2.3,2.1
"FASY_NO",15,5.44,4.84,4.25,3.69,3.16
"FASY_NO",20,8.28,7.27,6.27,5.31,4.38
"FASY_NO",25,11.17,9.8,8.42,7.05,5.72
"FASY_NO",30,13.94,12.3,10.6,8.86,7.13
"FASY_NO",35,16.51,14.67,12.71,10.67,8.57
"FASY_NO",40,18.86,16.88,14.74,12.44,10.02
"FASY_NO",45,20.97,18.91,16.64,14.14,11.45
"FASY_NO",50,22.86,20.77,18.41,15.77,12.85
"FASY_NO",55,24.55,22.46,20.05,17.3,14.21
"FASY_NO",60,26.07,23.98,21.56,18.75,15.51
"FASY_NO",65,27.42,25.37,22.95,20.1,16.76
"FASY_NO",70,28.63,26.62,24.23,21.37,17.95
"FASY_NO",75,29.71,27.76,25.41,22.55,19.08
"FASY_NO",80,30.69,28.8,26.49,23.65,20.15
"FASY_NO",85,31.57,29.74,27.48,24.67,21.17
"FASY_NO",90,32.37,30.6,28.4,25.63,22.13
"FASY_NO",95,33.09,31.38,29.24,26.52,23.04
"FASY_NO",100,33.75,32.1,30.02,27.35,23.9
"FASY_NO",105,34.35,32.76,30.74,28.13,24.71
"FASY_NO",110,34.9,33.36,31.4,28.85,25.48
"FASY_NO",115,35.4,33.92,32.02,29.53,26.21
"FASY_NO",120,35.86,34.44,32.59,30.17,26.89
"FASY_NO",125,36.29,34.91,33.13,30.76,27.54
"FASY_NO",130,36.68,35.35,33.62,31.32,28.16
"FASY_NO",135,37.04,35.76,34.09,31.84,28.74
"FASY_NO",140,37.38,36.14,34.52,32.33,29.29
"FASY_NO",145,37.69,36.5,34.93,32.79,29.82
"FASY_NO",150,37.98,36.83,35.31,33.23,30.31
"FASY_NE",10,2.97,2.7,2.44,2.18,1.94
"FASY_NE",15,5.45,4.75,4.06,3.4,2.78
"FASY_NE",20,8.1,6.98,5.86,4.76,3.7
"FASY_NE",25,10.73,9.23,7.71,6.19,4.69
"FASY_NE",30,13.25,11.44,9.56,7.64,5.72
"FASY_NE",35,15.61,13.55,11.37,9.1,6.77
"FASY_NE",40,17.8,15.55,13.12,10.53,7.82
"FASY_NE",45,19.84,17.42,14.79,11.93,8.88
"FASY_NE",50,21.72,19.19,16.38,13.28,9.92
"FASY_NE",55,23.47,20.84,17.89,14.59,10.95
"FASY_NE",60,25.08,22.38,19.32,15.85,11.95
"FASY_NE",65,26.59,23.83,20.68,17.07,12.94
"FASY_NE",70,27.98,25.19,21.97,18.23,13.9
"FASY_NE",75,29.28,26.47,23.19,19.34,14.84
"FASY_NE",80,30.5,27.66,24.34,20.41,15.75
"FASY_NE",85,31.63,28.79,25.44,21.44,16.64
"FASY_NE",90,32.7,29.86,26.48,22.42,17.5
"FASY_NE",95,33.7,30.86,27.47,23.37,18.33
"FASY_NE",100,34.64,31.81,28.41,24.27,19.14
"FASY_NE",105,35.53,32.71,29.31,25.14,19.93
"FASY_NE",110,36.37,33.56,30.17,25.97,20.69
"FASY_NE",115,37.16,34.37,30.98,26.77,21.43
"FASY_NE",120,37.91,35.14,31.76,27.54,22.14
"FASY_NE",125,38.63,35.88,32.51,28.28,22.84
"FASY_NE",130,39.3,36.58,33.22,28.99,23.51
"FASY_NE",135,39.95,37.24,33.9,29.68,24.17
"FASY_NE",140,40.56,37.88,34.56,30.34,24.8
"FASY_NE",145,41.15,38.49,35.19,30.97,25.42
"FASY_NE",150,41.71,39.07,35.79,31.59,26.02
"BROADLEAF_GENUS",10,3.33,2.98,2.54,2.11,1.76
"BROADLEAF_GENUS",15,5.66,5.07,4.32,3.58,2.98
"BROADLEAF_GENUS",20,8.07,7.22,6.16,5.1,4.25
"BROADLEAF_GENUS",25,10.46,9.36,7.98,6.6,5.5
"BROADLEAF_GENUS",30,12.76,11.42,9.74,8.06,6.72
"BROADLEAF_GENUS",35,14.95,13.38,11.41,9.44,7.87
"BROADLEAF_GENUS",40,17.01,15.22,12.98,10.74,8.95
"BROADLEAF_GENUS",45,18.93,16.94,14.45,11.96,9.96
"BROADLEAF_GENUS",50,20.71,18.53,15.8,13.08,10.9
"BROADLEAF_GENUS",55,22.34,19.99,17.05,14.11,11.76
"BROADLEAF_GENUS",60,23.84,21.33,18.19,15.06,12.55
"BROADLEAF_GENUS",65,25.21,22.56,19.24,15.92,13.27
"BROADLEAF_GENUS",70,26.46,23.68,20.19,16.71,13.93
"BROADLEAF_GENUS",75,27.6,24.69,21.06,17.43,14.52
"BROADLEAF_GENUS",80,28.63,25.61,21.85,18.08,15.07
"BROADLEAF_GENUS",85,29.56,26.45,22.56,18.67,15.56
"BROADLEAF_GENUS",90,30.41,27.21,23.21,19.21,16
"BROADLEAF_GENUS",95,31.17,27.89,23.79,19.69,16.41
"BROADLEAF_GENUS",100,31.86,28.51,24.32,20.12,16.77
"BROADLEAF_GENUS",105,32.48,29.07,24.79,20.52,17.1
"BROADLEAF_GENUS",110,33.05,29.57,25.22,20.87,17.39
"BROADLEAF_GENUS",115,33.55,30.02,25.6,21.19,17.66
"BROADLEAF_GENUS",120,34.01,30.43,25.95,21.48,17.9
"BROADLEAF_GENUS",125,34.41,30.79,26.26,21.74,18.11
"BROADLEAF_GENUS",130,34.78,31.12,26.54,21.97,18.31
"BROADLEAF_GENUS",135,35.11,31.42,26.8,22.18,18.48
"BROADLEAF_GENUS",140,35.41,31.68,27.02,22.36,18.64
"BROADLEAF_GENUS",145,35.68,31.92,27.23,22.53,18.78
"BROADLEAF_GENUS",150,35.92,32.14,27.41,22.68,18.9
"CONIFER_GENUS",10,6.72,6.08,5.12,4.16,3.2
"CONIFER_GENUS",15,10.45,9.45,7.96,6.47,4.98
"CONIFER_GENUS",20,13.97,12.64,10.64,8.65,6.65
"CONIFER_GENUS",25,17.21,15.57,13.11,10.65,8.19
"CONIFER_GENUS",30,20.15,18.23,15.35,12.47,9.59
"CONIFER_GENUS",35,22.78,20.61,17.36,14.1,10.85
"CONIFER_GENUS",40,25.13,22.74,19.15,15.56,11.97
"CONIFER_GENUS",45,27.22,24.63,20.74,16.85,12.96
"CONIFER_GENUS",50,29.07,26.3,22.15,17.99,13.84
"CONIFER_GENUS",55,30.69,27.77,23.38,19,14.62
"CONIFER_GENUS",60,32.12,29.06,24.47,19.89,15.3
"CONIFER_GENUS",65,33.38,30.2,25.43,20.66,15.89
"CONIFER_GENUS",70,34.48,31.19,26.27,21.34,16.42
"CONIFER_GENUS",75,35.44,32.07,27,21.94,16.88
"CONIFER_GENUS",80,36.28,32.83,27.64,22.46,17.28
"CONIFER_GENUS",85,37.02,33.49,28.2,22.92,17.63
"CONIFER_GENUS",90,37.66,34.07,28.69,23.31,17.93
"CONIFER_GENUS",95,38.22,34.58,29.12,23.66,18.2
"CONIFER_GENUS",100,38.71,35.02,29.49,23.96,18.43
"CONIFER_GENUS",105,39.14,35.41,29.82,24.23,18.64
"CONIFER_GENUS",110,39.51,35.75,30.1,24.46,18.81
"CONIFER_GENUS",115,39.83,36.04,30.35,24.66,18.97
"CONIFER_GENUS",120,40.11,36.29,30.56,24.83,19.1
"CONIFER_GENUS",125,40.36,36.52,30.75,24.98,19.22
"CONIFER_GENUS",130,40.57,36.71,30.91,25.12,19.32
"CONIFER_GENUS",135,40.76,36.88,31.05,25.23,19.41
"CONIFER_GENUS",140,40.92,37.02,31.18,25.33,19.49
"CONIFER_GENUS",145,41.06,37.15,31.28,25.42,19.55
"CONIFER_GENUS",150,41.18,37.26,31.38,25.49,19.61
