"dataset","path","size","md5"
"aba.model","aba.model/ALS/plots.laz/Verc-01-1.laz",46826,"6dc8aec60306b29accf22488dca37206"
"aba.model","aba.model/ALS/plots.laz/Verc-01-2.laz",55450,"1d56c109966ac4885a717887f9ac6e12"
"aba.model","aba.model/ALS/plots.laz/Verc-01-3.laz",57299,"537cef997c7efbbc8822b5621ca21805"
"aba.model","aba.model/ALS/plots.laz/Verc-01-4.laz",53920,"00ea9f659bbdd5a628476082b3510f0d"
"aba.model","aba.model/ALS/plots.laz/Verc-02-1.laz",38400,"73263369652b5201cf5a9763e330f72d"
"aba.model","aba.model/ALS/plots.laz/Verc-02-2.laz",44221,"5605f3bdf096ddef290a67474ec94683"
"aba.model","aba.model/ALS/plots.laz/Verc-02-3.laz",49420,"d627676f85e7c68f245166b16c173764"
"aba.model","aba.model/ALS/plots.laz/Verc-02-4.laz",54131,"e855fc31bfbe741e4c1513c5df695de5"
"aba.model","aba.model/ALS/plots.laz/Verc-03-1.laz",45169,"0bc44830de7b5494de3d0d20a4391456"
"aba.model","aba.model/ALS/plots.laz/Verc-03-2.laz",46980,"07eb3c1f26c265a4beff35064274f010"
"aba.model","aba.model/ALS/plots.laz/Verc-03-3.laz",63736,"db8df27e939c6dd79ded880d50c8db48"
"aba.model","aba.model/ALS/plots.laz/Verc-03-4.laz",43049,"409349435dc3715fea9f47f70872acd8"
"aba.model","aba.model/ALS/plots.laz/Verc-04-1.laz",58570,"43a8e04984b8707f2fbdb65e99790dc1"
"aba.model","aba.model/ALS/plots.laz/Verc-04-2.laz",47836,"1dd692503845ee3c45685cc75efa17b7"
"aba.model","aba.model/ALS/plots.laz/Verc-04-3.laz",44550,"fbbfac6e698be6a7f1b1dcb7e1f84604"
"aba.model","aba.model/ALS/plots.laz/Verc-04-4.laz",62246,"30dbb9706b19d4d38778d63ad05bda6a"
"aba.model","aba.model/ALS/plots.laz/Verc-05-1.laz",110453,"822a9609cd9a28211ee22b07bc604aae"
"aba.model","aba.model/ALS/plots.laz/Verc-05-2.laz",112293,"1cd65d83835a46da127f2b2c562711a1"
"aba.model","aba.model/ALS/plots.laz/Verc-05-3.laz",96749,"84c65f3fd760091f2839042ac99ee4dc"
"aba.model","aba.model/ALS/plots.laz/Verc-05-4.laz",112590,"d21cfa130d24124e6e4206e863223a3f"
"aba.model","aba.model/ALS/plots.laz/Verc-06-1.laz",102426,"9f972411ad8d5a30bb3dd689f7ec5390"
"aba.model","aba.model/ALS/plots.laz/Verc-06-2.laz",97784,"965178ed044b7657523a21fcf1d3504e"
"aba.model","aba.model/ALS/plots.laz/Verc-06-3.laz",101193,"c1142fb793b774c800ff68e3d6cbee70"
"aba.model","aba.model/ALS/plots.laz/Verc-06-4.laz",90680,"d093f53b0ece6fc3ea05ed89c28cec46"
"aba.model","aba.model/ALS/plots.laz/Verc-07-1.laz",93153,"c31e2ad6c21dcf6ec1bf2950dc900d9c"
"aba.model","aba.model/ALS/plots.laz/Verc-07-2.laz",72216,"0340b92d8a12c5011b4658f3961687ae"
"aba.model","aba.model/ALS/plots.laz/Verc-07-3.laz",99043,"692f01da07deb3045fd28b525158b0ec"
"aba.model","aba.model/ALS/plots.laz/Verc-07-4.laz",100655,"49f930bcd3e9840756f798c7900803c7"
"aba.model","aba.model/ALS/plots.laz/Verc-08-1.laz",66423,"bc2b9d7733ba3e6b7ac9e233e07b4c3d"
"aba.model","aba.model/ALS/plots.laz/Verc-08-2.laz",68902,"ebc6954a6ce5ce0df2a480080a85fafc"
"aba.model","aba.model/ALS/plots.laz/Verc-08-3.laz",42633,"1cc0c607cf3e801844fc17da66298786"
"aba.model","aba.model/ALS/plots.laz/Verc-08-4.laz",50007,"18842a2292ebf4d7474bb168efce9791"
"aba.model","aba.model/ALS/plots.laz/Verc-C1-1.laz",36542,"46f38366e769bb4e0698ddb8d69edc47"
"aba.model","aba.model/ALS/plots.laz/Verc-C1-2.laz",44667,"6d8cf8f3193f82e37715b562f24e7dde"
"aba.model","aba.model/ALS/plots.laz/Verc-C1-3.laz",49880,"e8230bc9f371d7cecd649dd40dc2ae92"
"aba.model","aba.model/ALS/plots.laz/Verc-C1-4.laz",24550,"04864c0c8da9c51311ad32fe910a923b"
"aba.model","aba.model/ALS/plots.laz/Verc-C2-1.laz",37688,"95ba21ec143e4a772840788a5ec2590d"
"aba.model","aba.model/ALS/plots.laz/Verc-C2-2.laz",44693,"cef30ad90c01e401c2f26edd2e5aef7c"
"aba.model","aba.model/ALS/plots.laz/Verc-C2-3.laz",61939,"7b764739903b83229fea2bdd23ec0af7"
"aba.model","aba.model/ALS/plots.laz/Verc-C2-4.laz",58852,"6b2726739d6e927bd5f015b0227580c6"
"aba.model","aba.model/ALS/plots.laz/Verc-C3-1.laz",56381,"4b4be515efe16d35df6b5c4dfe8544e9"
"aba.model","aba.model/ALS/plots.laz/Verc-C3-2.laz",47441,"b0a475662c44e1dd0fd0556ff089ff6e"
"aba.model","aba.model/ALS/plots.laz/Verc-C3-3.laz",59396,"8208d45923a29a18a3c62c684996494e"
"aba.model","aba.model/ALS/plots.laz/Verc-C3-4.laz",52193,"33d301436cf2e5eaa0c3c4710a316d40"
"aba.model","aba.model/ALS/plots.laz/Verc-C4-1.laz",69518,"89803d4d1ebf75b82c075a0ff5e46278"
"aba.model","aba.model/ALS/plots.laz/Verc-C4-2.laz",51531,"fcea1bb60689e44d20fa9e57aba949c6"
"aba.model","aba.model/ALS/plots.laz/Verc-C4-3.laz",58605,"8fda6ed0c6690403aacbb7d8b85db7cc"
"aba.model","aba.model/ALS/plots.laz/Verc-C4-4.laz",48279,"ac38306b65cd9670f3f2a7b23522da69"
"aba.model","aba.model/ALS/plots.laz/Verc-C5-1.laz",44089,"999a3ab36f8389fb2c79ef832f644c6a"
"aba.model","aba.model/ALS/plots.laz/Verc-C5-2.laz",43048,"d4f80f5bfeb141c85fda5fb880a439b6"
"aba.model","aba.model/ALS/plots.laz/Verc-C5-3.laz",46582,"f025e65788ac638f0e7a0cf19b866c32"
"aba.model","aba.model/ALS/plots.laz/Verc-C5-4.laz",44411,"cb9bdcb040b19406835df1dfbc421187"
"aba.model","aba.model/ALS/plots.laz/Verc-C6-1.laz",53721,"5a4a4e6337278b4078e5f1ad2414837d"
"aba.model","aba.model/ALS/plots.laz/Verc-C6-2.laz",44634,"972cdb91b7ab2475b291a560a56982f5"
"aba.model","aba.model/ALS/plots.laz/Verc-C6-3.laz",62253,"31f8f76ce14d6a1da39489f147a3ef2a"
"aba.model","aba.model/ALS/plots.laz/Verc-C6-4.laz",31936,"ad886e6bbc94549b95ac709b3f6afc95"
"aba.model","aba.model/ALS/plots.laz/Verc-C7-1.laz",110683,"e292fd2fac2801bdba3cda4246df9a9e"
"aba.model","aba.model/ALS/plots.laz/Verc-C7-2.laz",92330,"9cf93606ced456dd1c60bbb095bd4339"
"aba.model","aba.model/ALS/plots.laz/Verc-C7-3.laz",84854,"3c936f36bfccc9f9bca7bc210a3058b7"
"aba.model","aba.model/ALS/plots.laz/Verc-C7-4.laz",100059,"5683a4c2616d8059da7ba164efc0d5af"
"aba.model","aba.model/ALS/plots.laz/Verc-C8-1.laz",57345,"1e636644cf22e23208223267878c0cd8"
"aba.model","aba.model/ALS/plots.laz/Verc-C8-2.laz",52567,"d97fabbe556b2e8b0d1c6ca8e08be343"
"aba.model","aba.model/ALS/plots.laz/Verc-C8-3.laz",49021,"8dd28ebf66e2fc44ef9e7faf86c2834d"
"aba.model","aba.model/ALS/plots.laz/Verc-C8-4.laz",47791,"03f903bf4874d1577ba47a3b450a7d87"
"aba.model","aba.model/ALS/plots.laz/Verc-C9-1.laz",60350,"d0538b30c2540a461110230d4be36d9a"
"aba.model","aba.model/ALS/plots.laz/Verc-C9-2.laz",77485,"b4f22f146db14c4839e382233eb237bf"
"aba.model","aba.model/ALS/plots.laz/Verc-C9-3.laz",78162,"6a172bd7e874641c9e4d60b8b2fc865e"
"aba.model","aba.model/ALS/plots.laz/Verc-C9-4.laz",46207,"05a6ce405996e0041b2e3c88799d7f15"
"aba.model","aba.model/ALS/plots.laz/Verc-S1-1.laz",66497,"8161399dca98dbe0403b41bcffc33df0"
"aba.model","aba.model/ALS/plots.laz/Verc-S1-2.laz",50284,"e2e1480fa233d87cb51622d00971324a"
"aba.model","aba.model/ALS/plots.laz/Verc-S1-3.laz",62699,"e200c94b6694fc2e8ffeaf02567b25b1"
"aba.model","aba.model/ALS/plots.laz/Verc-S1-4.laz",41051,"6f4473fc453975257c5e99b800d7820c"
"aba.model","aba.model/ALS/plots.laz/Verc-S2-1.laz",51357,"d2bcb5c81f5c13a93bf5809705ced498"
"aba.model","aba.model/ALS/plots.laz/Verc-S2-2.laz",34566,"cc63ce3de3abd31affc89f7a3f2e5a00"
"aba.model","aba.model/ALS/plots.laz/Verc-S2-3.laz",40752,"c1a6d143abaaf82589cbd88d96717e9d"
"aba.model","aba.model/ALS/plots.laz/Verc-S2-4.laz",51531,"fcda76b6c6d77389813bf626f372ed13"
"aba.model","aba.model/ALS/plots.laz/Verc-S3-1.laz",103019,"d4fa34b351d317da64a67145ebf392e8"
"aba.model","aba.model/ALS/plots.laz/Verc-S3-2.laz",62212,"be43906ecd772e64f6129684ceed078a"
"aba.model","aba.model/ALS/plots.laz/Verc-S3-3.laz",71839,"a04bb69f292606f05443693ca3124330"
"aba.model","aba.model/ALS/plots.laz/Verc-S3-4.laz",102981,"fe536042f330d07fe4360abda1508a70"
"aba.model","aba.model/ALS/plots.laz/Verc-S4-1.laz",44697,"dd6fdd09ce584db88d97f03a38eca1ea"
"aba.model","aba.model/ALS/plots.laz/Verc-S4-2.laz",36209,"0ee67f33617ce2fc6f546d27b53d7f8d"
"aba.model","aba.model/ALS/plots.laz/Verc-S4-3.laz",50594,"238ae75b8385149533f50d0f6a7ed80b"
"aba.model","aba.model/ALS/plots.laz/Verc-S4-4.laz",44369,"579ea90d4a61e662559fd922ecb5aa4e"
"aba.model","aba.model/ALS/plots.laz/Verc-S6-1.laz",80985,"578a2315121a99558e67d41879658460"
"aba.model","aba.model/ALS/plots.laz/Verc-S6-2.laz",64707,"4eb50f8ddb29bd72e4740b224ad03df2"
"aba.model","aba.model/ALS/plots.laz/Verc-S6-3.laz",60242,"15c59fa06c49e35cba2006a9d9ec60cd"
"aba.model","aba.model/ALS/plots.laz/Verc-S6-4.laz",71234,"2461432fb00980942c43a229017c3724"
"aba.model","aba.model/ALS/plots.laz/Verc-S7-1.laz",58214,"d8c335ecd3f921b5a4cdd3218737d2c1"
"aba.model","aba.model/ALS/plots.laz/Verc-S7-2.laz",47510,"0a3c6ad48a89c825ad510dc40997567c"
"aba.model","aba.model/ALS/plots.laz/Verc-S7-3.laz",49530,"931a8f62f9d6d5959511a7036b168783"
"aba.model","aba.model/ALS/plots.laz/Verc-S7-4.laz",48569,"5f7426a7978e3d2e96f3fa082475ca32"
"aba.model","aba.model/ALS/plots.laz/Verc-S8-1.laz",57645,"c9cb0ffe6c4a7969f124321c5b35fffd"
"aba.model","aba.model/ALS/plots.laz/Verc-S8-2.laz",41736,"9d44e60df7445a309b41fc1afeac6147"
"aba.model","aba.model/ALS/plots.laz/Verc-S8-3.laz",57199,"5b876cd39b11863d973869074a1f6013"
"aba.model","aba.model/ALS/plots.laz/Verc-S8-4.laz",49370,"92b7066c8ed863796f151971dd6b5177"
"aba.model","aba.model/ALS/plots.norm.laz/Verc-01-1.laz",80495,"8441025af7f687742af383ca9c38db75"
"aba.model","aba.model/ALS/plots.norm.laz/Verc-01-2.laz",88340,"ad96e87d11ff2aa9393cf79d90746810"
"aba.model","aba.model/ALS/plots.norm.laz/Verc-01-3.laz",102512,"eb5ccbd6f82511462918f6a4524bbe7a"
"aba.model","aba.model/ALS/plots.norm.laz/Verc-01-4.laz",93686,"03ff45ecbe09156651adb431b20814fd"
"aba.model","aba.model/ALS/plots.norm.laz/Verc-02-1.laz",67967,"bfb2c57dbd2900420848b774fc01b43f"
"aba.model","aba.model/ALS/plots.norm.laz/Verc-02-2.laz",82041,"46ab6f8cb13a533af90d6bbce4d05289"
"aba.model","aba.model/ALS/plots.norm.laz/Verc-02-3.laz",79467,"4ab4e6de6640b10bf48b7f7cc4dd89a6"
"aba.model","aba.model/ALS/plots.norm.laz/Verc-02-4.laz",89202,"13e063098e93b77e82e9a8df057f5500"
"aba.model","aba.model/ALS/plots.norm.laz/Verc-03-1.laz",76780,"1e3fa15661ad0b731396c22840476692"
"aba.model","aba.model/ALS/plots.norm.laz/Verc-03-2.laz",86205,"362d14651a3e194a9b77148fec6d5fd3"
"aba.model","aba.model/ALS/plots.norm.laz/Verc-03-3.laz",111067,"9f636e4a0850318014a3480b8db4093c"
"aba.model","aba.model/ALS/plots.norm.laz/Verc-03-4.laz",75686,"c77219ab2290bd9eb910a2b1e518ea80"
"aba.model","aba.model/ALS/plots.norm.laz/Verc-04-1.laz",99823,"8dd5ae5b9e9656ac521a9170342525a3"
"aba.model","aba.model/ALS/plots.norm.laz/Verc-04-2.laz",78763,"988f7b8d56b52e54d3fc67abb04a066b"
"aba.model","aba.model/ALS/plots.norm.laz/Verc-04-3.laz",76559,"fb9998b06eeeb7fefb21c7a5972e4e20"
"aba.model","aba.model/ALS/plots.norm.laz/Verc-04-4.laz",99210,"32338deab7cabbeda358692a7c0f2ecd"
"aba.model","aba.model/ALS/plots.norm.laz/Verc-05-1.laz",199757,"d889ddfe321c1553f6dd64be087f3d68"
"aba.model","aba.model/ALS/plots.norm.laz/Verc-05-2.laz",194987,"0921017bd9e34e4e33e988d4812aaf71"
"aba.model","aba.model/ALS/plots.norm.laz/Verc-05-3.laz",163820,"f53c29fbcf4affad18557ddf9c442905"
"aba.model","aba.model/ALS/plots.norm.laz/Verc-05-4.laz",199364,"2eae53a6fadc8eb72356eb6b1d0410d0"
"aba.model","aba.model/ALS/plots.norm.laz/Verc-06-1.laz",166360,"ce3edb2c8c2c89f9db0baf31b6492171"
"aba.model","aba.model/ALS/plots.norm.laz/Verc-06-2.laz",163727,"033b72683dfd5deaa198a79aea0c0fe4"
"aba.model","aba.model/ALS/plots.norm.laz/Verc-06-3.laz",168907,"cd44264525b9a6c4abe4ad245fe18df7"
"aba.model","aba.model/ALS/plots.norm.laz/Verc-06-4.laz",167991,"bf52e5910d3eaa2582b2fa1579548f1b"
"aba.model","aba.model/ALS/plots.norm.laz/Verc-07-1.laz",152340,"3fbb385c648e950781776ffadc86daa7"
"aba.model","aba.model/ALS/plots.norm.laz/Verc-07-2.laz",120846,"99154d047c0010253c1e41d9a28ee8d6"
"aba.model","aba.model/ALS/plots.norm.laz/Verc-07-3.laz",186968,"b0206912fa264d7a480ef9584e9289f3"
"aba.model","aba.model/ALS/plots.norm.laz/Verc-07-4.laz",180112,"cc6619f0d2f8ce4b40e691112586d857"
"aba.model","aba.model/ALS/plots.norm.laz/Verc-08-1.laz",109267,"2bc8a0b4ae2e7302690645d6c06629fe"
"aba.model","aba.model/ALS/plots.norm.laz/Verc-08-2.laz",126625,"c89e50519347c77569e43d2d4f3cbd0e"
"aba.model","aba.model/ALS/plots.norm.laz/Verc-08-3.laz",77538,"eb089d6ca6aa1600189dc764aa7c15b3"
"aba.model","aba.model/ALS/plots.norm.laz/Verc-08-4.laz",89255,"594e12592a57b1599ed155d14c37e105"
"aba.model","aba.model/ALS/plots.norm.laz/Verc-C1-1.laz",64656,"b9c9b86941fd97e61ba73da2ebc83d78"
"aba.model","aba.model/ALS/plots.norm.laz/Verc-C1-2.laz",81874,"9586c715be153c69f37f0b23ac6111b5"
"aba.model","aba.model/ALS/plots.norm.laz/Verc-C1-3.laz",79642,"d88e8e7e633d8b9885eaaba8fe8129b1"
"aba.model","aba.model/ALS/plots.norm.laz/Verc-C1-4.laz",41457,"926c267a5e4db68373ce0fe371226b11"
"aba.model","aba.model/ALS/plots.norm.laz/Verc-C2-1.laz",68426,"e761ac42a745bb6ccb3223aad2c3389b"
"aba.model","aba.model/ALS/plots.norm.laz/Verc-C2-2.laz",74537,"fb92295c3c32b55e8d2256ae69b4c692"
"aba.model","aba.model/ALS/plots.norm.laz/Verc-C2-3.laz",103506,"ec65804cd35db2879ad74f1fda882f5d"
"aba.model","aba.model/ALS/plots.norm.laz/Verc-C2-4.laz",101146,"ccad8cdb131c332ae3241da0fcc0567d"
"aba.model","aba.model/ALS/plots.norm.laz/Verc-C3-1.laz",91927,"0b2188ba91dd19e29ae3cc8c6072198c"
"aba.model","aba.model/ALS/plots.norm.laz/Verc-C3-2.laz",77998,"10f4b3f6cd5c2f6fe2ef371d2b0455be"
"aba.model","aba.model/ALS/plots.norm.laz/Verc-C3-3.laz",103987,"2d3df1ab755263ff994cb1b17d797cfa"
"aba.model","aba.model/ALS/plots.norm.laz/Verc-C3-4.laz",91373,"fbb3311b05946a5db221088490fe3c6c"
"aba.model","aba.model/ALS/plots.norm.laz/Verc-C4-1.laz",111993,"c442be9a360b1653c193a1dadc44e6f7"
"aba.model","aba.model/ALS/plots.norm.laz/Verc-C4-2.laz",84714,"15e573e736ae0534e9d1b9db9184e946"
"aba.model","aba.model/ALS/plots.norm.laz/Verc-C4-3.laz",95857,"178fc019f1e6656c6939e819d7a378da"
"aba.model","aba.model/ALS/plots.norm.laz/Verc-C4-4.laz",84208,"797fe03ca4a4e2e8d47e6c04c285d1f8"
"aba.model","aba.model/ALS/plots.norm.laz/Verc-C5-1.laz",75155,"05ea8c03938b51d0cb6a2ce7b5c8a4a6"
"aba.model","aba.model/ALS/plots.norm.laz/Verc-C5-2.laz",72691,"5569c78d34b72891c28394a9b44016c8"
"aba.model","aba.model/ALS/plots.norm.laz/Verc-C5-3.laz",76223,"af587cb1eb068938aa8556a8a41fcefd"
"aba.model","aba.model/ALS/plots.norm.laz/Verc-C5-4.laz",75301,"120657a91ab4d3605f78a7fb45df23b2"
"aba.model","aba.model/ALS/plots.norm.laz/Verc-C6-1.laz",88171,"0004dcd921d5bf59147ee2c0b0d85858"
"aba.model","aba.model/ALS/plots.norm.laz/Verc-C6-2.laz",89645,"a45df7ba28922aff1ae9a5112461c0a4"
"aba.model","aba.model/ALS/plots.norm.laz/Verc-C6-3.laz",101125,"f9aa4fb0b8aa96a649f16207a5582ef4"
"aba.model","aba.model/ALS/plots.norm.laz/Verc-C6-4.laz",55580,"e514f1bcc0cbd042e1495e0b983ac66f"
"aba.model","aba.model/ALS/plots.norm.laz/Verc-C7-1.laz",192982,"234c2e59e52afabc6e36f9f39f8b7d58"
"aba.model","aba.model/ALS/plots.norm.laz/Verc-C7-2.laz",148946,"6a68305a3b9b43dde8a8a3a8495aa2e8"
"aba.model","aba.model/ALS/plots.norm.laz/Verc-C7-3.laz",138844,"af7979fd64e8cf7dfa52fd87b657565e"
"aba.model","aba.model/ALS/plots.norm.laz/Verc-C7-4.laz",174703,"85c4f93bf839995a74d1d7d7f3624909"
"aba.model","aba.model/ALS/plots.norm.laz/Verc-C8-1.laz",102558,"8214fedcefeff4319c5a3d5e20a5c337"
"aba.model","aba.model/ALS/plots.norm.laz/Verc-C8-2.laz",96633,"6c1c972ec3e2938cec25e1a126ee71d2"
"aba.model","aba.model/ALS/plots.norm.laz/Verc-C8-3.laz",82600,"3bab10c40d0da8a654aeb77d37d46e71"
"aba.model","aba.model/ALS/plots.norm.laz/Verc-C8-4.laz",82588,"1594c438b6370057d19b742f40df5ebe"
"aba.model","aba.model/ALS/plots.norm.laz/Verc-C9-1.laz",104327,"d685b4805a529fa81c62a507aa50c79a"
"aba.model","aba.model/ALS/plots.norm.laz/Verc-C9-2.laz",119215,"ff06394bdfa65387f04529408b361d00"
"aba.model","aba.model/ALS/plots.norm.laz/Verc-C9-3.laz",135469,"cbc3a95bd41eb3f6b24b17f5d8c926e1"
"aba.model","aba.model/ALS/plots.norm.laz/Verc-C9-4.laz",76449,"b494f3321af93256b9517ef75034621b"
"aba.model","aba.model/ALS/plots.norm.laz/Verc-S1-1.laz",114676,"12935cea25300dc12fecb4d321b0fc0c"
"aba.model","aba.model/ALS/plots.norm.laz/Verc-S1-2.laz",84698,"54eff6ab172f69ba078b02d60ef2c697"
"aba.model","aba.model/ALS/plots.norm.laz/Verc-S1-3.laz",106720,"9eb3447ce96101d72f6448a7c57ea591"
"aba.model","aba.model/ALS/plots.norm.laz/Verc-S1-4.laz",73804,"fa604f07e35fd8329bc8611c7a0d1c82"
"aba.model","aba.model/ALS/plots.norm.laz/Verc-S2-1.laz",94153,"7b9cae8655ac2f47a0f4a89c5c174f54"
"aba.model","aba.model/ALS/plots.norm.laz/Verc-S2-2.laz",66752,"b8182c01a5703b5b1d215af44d9dd31e"
"aba.model","aba.model/ALS/plots.norm.laz/Verc-S2-3.laz",73967,"2ab6d8eae8ac8b6f2b497bcb5b683830"
"aba.model","aba.model/ALS/plots.norm.laz/Verc-S2-4.laz",83990,"4571047744ac7dbc33080e8842f2ee28"
"aba.model","aba.model/ALS/plots.norm.laz/Verc-S3-1.laz",172419,"cb9f15fd6f371083a3273c957cead2e0"
"aba.model","aba.model/ALS/plots.norm.laz/Verc-S3-2.laz",119452,"3dede64accdddd1846798b70c6b06827"
"aba.model","aba.model/ALS/plots.norm.laz/Verc-S3-3.laz",117043,"539c11271ee7daeeadca3f6971f22ccf"
"aba.model","aba.model/ALS/plots.norm.laz/Verc-S3-4.laz",175160,"c4a1cf0217dd73e2aeb2174b35c1c6ba"
"aba.model","aba.model/ALS/plots.norm.laz/Verc-S4-1.laz",69711,"354e8ef17467f39539d60e87fc5c5328"
"aba.model","aba.model/ALS/plots.norm.laz/Verc-S4-2.laz",59962,"fd706daafe6a30041bfe4b1bc9e0c07e"
"aba.model","aba.model/ALS/plots.norm.laz/Verc-S4-3.laz",83559,"147bf16011ca474f0cf324a978940a3e"
"aba.model","aba.model/ALS/plots.norm.laz/Verc-S4-4.laz",78820,"ff275dfdefd4da0a224a3d2e876dc60c"
"aba.model","aba.model/ALS/plots.norm.laz/Verc-S6-1.laz",126858,"6f4f38c954f230b7ef25d740739ab6a7"
"aba.model","aba.model/ALS/plots.norm.laz/Verc-S6-2.laz",114963,"a8929d9de5060aa71e7b3c5e94d3de1b"
"aba.model","aba.model/ALS/plots.norm.laz/Verc-S6-3.laz",98325,"e48f45e3044f3f2fce1c8fcdfe5c0080"
"aba.model","aba.model/ALS/plots.norm.laz/Verc-S6-4.laz",127039,"1aa0540ec283c0fb637f9ebcdc26a0a9"
"aba.model","aba.model/ALS/plots.norm.laz/Verc-S7-1.laz",90009,"cbb890657b245dfa4e3962356fa1c392"
"aba.model","aba.model/ALS/plots.norm.laz/Verc-S7-2.laz",84375,"8ae4c57ab8de6a0338b8464227787612"
"aba.model","aba.model/ALS/plots.norm.laz/Verc-S7-3.laz",79918,"6ad3cc50e78e0b6f6795d9cd7b8856e0"
"aba.model","aba.model/ALS/plots.norm.laz/Verc-S7-4.laz",76234,"3c9aab645500bb0c5c211d95ef92ad2c"
"aba.model","aba.model/ALS/plots.norm.laz/Verc-S8-1.laz",86486,"9dcd352ec384b34919f9785970666380"
"aba.model","aba.model/ALS/plots.norm.laz/Verc-S8-2.laz",63413,"5f5feb3eabd8ce57ce62a731f511ea47"
"aba.model","aba.model/ALS/plots.norm.laz/Verc-S8-3.laz",89821,"618a0b583d18ea59a36695683168d4eb"
"aba.model","aba.model/ALS/plots.norm.laz/Verc-S8-4.laz",83440,"acbb32d5fcc73a3ca980a0833bd672a2"
"aba.model","aba.model/ALS/tiles.laz/899500_6447500.laz",18900835,"2427b9c8a042491db94c7392da616c57"
"aba.model","aba.model/ALS/tiles.laz/900000_6447500.laz",22860365,"92e000e9df38f3fd1b8c02d09aa17b32"
"aba.model","aba.model/ALS/tiles.norm.laz/899500_6447500norm.laz",18824112,"1fd67d2511c5a4c07e03a64c28e7aeee"
"aba.model","aba.model/ALS/tiles.norm.laz/900000_6447500norm.laz",22679553,"cb6554022e68334cfc94bb1b11f35030"
"aba.model","aba.model/field/plot.dates.csv",2374,"7fc8f1e35d74ae8c421f4960f6b98a74"
"aba.model","aba.model/field/plot.metadata.csv",1784,"fee0516f436d7126140a3103a9dc54d7"
"aba.model","aba.model/field/Verc-01_PiquetsTerrain.csv",378,"c4b59a96f66f557973ccd8b84fb7a05f"
"aba.model","aba.model/field/Verc-01-1_ArbresTerrain.csv",2915,"32f2b12e1c480c4c3f40773908b35c82"
"aba.model","aba.model/field/Verc-01-2_ArbresTerrain.csv",3816,"2d8cc427ac3e5a8652e2157956fee54b"
"aba.model","aba.model/field/Verc-01-3_ArbresTerrain.csv",2962,"aab7bca4f199834c645aacedb1b05ea9"
"aba.model","aba.model/field/Verc-01-4_ArbresTerrain.csv",3578,"6f18a799c8f8a0f697a8e6772b082a0a"
"aba.model","aba.model/field/Verc-02_PiquetsTerrain.csv",358,"36c88c1d9a8a93c3586b51c979f1f80f"
"aba.model","aba.model/field/Verc-02-1_ArbresTerrain.csv",4158,"a66d0eac391917def549b5b38a57bfb5"
"aba.model","aba.model/field/Verc-02-2_ArbresTerrain.csv",2347,"9a6df22cba170ec93aa284ff1473902f"
"aba.model","aba.model/field/Verc-02-3_ArbresTerrain.csv",4156,"16279606f1c6c35fb0581b1ab22a915a"
"aba.model","aba.model/field/Verc-02-4_ArbresTerrain.csv",2701,"7347550a50cfd76f0a35dc8f6050f837"
"aba.model","aba.model/field/Verc-03_PiquetsTerrain.csv",303,"3c477ca1c6d212a1f0137a1930b028d3"
"aba.model","aba.model/field/Verc-03-1_ArbresTerrain.csv",5497,"fdd31ccf6a55d1c0fb67b7df15041bc6"
"aba.model","aba.model/field/Verc-03-2_ArbresTerrain.csv",5476,"146f597ff082966457b07d928f9a0ca5"
"aba.model","aba.model/field/Verc-03-3_ArbresTerrain.csv",4874,"31e9d3e1a606d28f870b7a4116d5f4de"
"aba.model","aba.model/field/Verc-03-4_ArbresTerrain.csv",6890,"5c7e5716b8c35755338f17f28adca442"
"aba.model","aba.model/field/Verc-04_PiquetsTerrain.csv",379,"c43e9f70399bb0f30e8c2824971997bd"
"aba.model","aba.model/field/Verc-04-1_ArbresTerrain.csv",3161,"db711ec5b262ea645882fa8c04247876"
"aba.model","aba.model/field/Verc-04-2_ArbresTerrain.csv",2686,"dad5e5ac2cce06270985161f92fe7e26"
"aba.model","aba.model/field/Verc-04-3_ArbresTerrain.csv",1913,"07a5cfb9e75a106c2df2128b1e520f1b"
"aba.model","aba.model/field/Verc-04-4_ArbresTerrain.csv",1731,"6ea69df09b500af7a43f59c7da31e156"
"aba.model","aba.model/field/Verc-05_PiquetsTerrain.csv",418,"3e01e329b05781ef655dc61cdfd4d6e6"
"aba.model","aba.model/field/Verc-05-1_ArbresTerrain.csv",2277,"f0abafce5eaf8b43361c69f549d29368"
"aba.model","aba.model/field/Verc-05-2_ArbresTerrain.csv",2453,"eb9406e691b1e68e5067b26ce4bae5f6"
"aba.model","aba.model/field/Verc-05-3_ArbresTerrain.csv",2313,"f06ac0db84c1ac1ca6147369a62421ea"
"aba.model","aba.model/field/Verc-05-4_ArbresTerrain.csv",2241,"82462bd04c082453b798171030366832"
"aba.model","aba.model/field/Verc-06_PiquetsTerrain.csv",312,"6a4f31c866992a1487c0b0e83120d3bf"
"aba.model","aba.model/field/Verc-06-1_ArbresTerrain.csv",3651,"0f4b27b4c782cfed1bb6d52d4065767d"
"aba.model","aba.model/field/Verc-06-2_ArbresTerrain.csv",5203,"d76538b4e04f204a5227be370a9cb0e1"
"aba.model","aba.model/field/Verc-06-3_ArbresTerrain.csv",5471,"c995f963aceb1f972f0e60c079d776cd"
"aba.model","aba.model/field/Verc-06-4_ArbresTerrain.csv",2847,"e682f17a61e573ad43d6c5faddcf2e8f"
"aba.model","aba.model/field/Verc-07_PiquetsTerrain.csv",352,"dde997098d17fad9ce2ac86b1dae4a39"
"aba.model","aba.model/field/Verc-07-1_ArbresTerrain.csv",1832,"46d6459ed5a5eb12bb30691cda21f6ce"
"aba.model","aba.model/field/Verc-07-2_ArbresTerrain.csv",1155,"29ec2756e6f5beeeeabf5a4f2e07ce31"
"aba.model","aba.model/field/Verc-07-3_ArbresTerrain.csv",856,"2904428885b43d83ea80309fd68c5925"
"aba.model","aba.model/field/Verc-07-4_ArbresTerrain.csv",2448,"2d7c3e07a3d87de3f5ba97b82a8875b4"
"aba.model","aba.model/field/Verc-08_PiquetsTerrain.csv",421,"0b295b5e9233b101560fe98a0fa446bf"
"aba.model","aba.model/field/Verc-08-1_ArbresTerrain.csv",2676,"20bde2c39b061124fb3e108184ae5965"
"aba.model","aba.model/field/Verc-08-2_ArbresTerrain.csv",2047,"4d793cd783e92844a1b50166124a70a8"
"aba.model","aba.model/field/Verc-08-3_ArbresTerrain.csv",1727,"689d3e0494278d375df7497aae2b3ed9"
"aba.model","aba.model/field/Verc-08-4_ArbresTerrain.csv",1504,"5ddd4b026a36fd6fa89a2ddf0dc43613"
"aba.model","aba.model/field/Verc-C1_PiquetsTerrain.csv",512,"cf5d00c44685208097865278af6780e6"
"aba.model","aba.model/field/Verc-C1-1_ArbresTerrain.csv",1145,"cd26c1e4a703a63bc3aea28c49bb6264"
"aba.model","aba.model/field/Verc-C1-2_ArbresTerrain.csv",2796,"7c78faa982eae551c1e80174c9730f21"
"aba.model","aba.model/field/Verc-C1-3_ArbresTerrain.csv",2424,"97854eb5047ce336968fe032f2bfd1b1"
"aba.model","aba.model/field/Verc-C1-4_ArbresTerrain.csv",1018,"dec32d8023faecaa274f9129dda8a049"
"aba.model","aba.model/field/Verc-C2_PiquetsTerrain.csv",479,"3e82fa6c11f029e41a75bf883b4c33ef"
"aba.model","aba.model/field/Verc-C2-1_ArbresTerrain.csv",1802,"40402878f8848b7af6bdc68819a53add"
"aba.model","aba.model/field/Verc-C2-2_ArbresTerrain.csv",3295,"261e33f9f705e1b81cc0bc28c993df18"
"aba.model","aba.model/field/Verc-C2-3_ArbresTerrain.csv",1900,"42f55eca26a5f7272956b0ff0b51fafe"
"aba.model","aba.model/field/Verc-C2-4_ArbresTerrain.csv",2021,"7d46e89c923bacc56115696e55478ff9"
"aba.model","aba.model/field/Verc-C3_PiquetsTerrain.csv",599,"4a6ba2f24c6eb5dcea642690332e4607"
"aba.model","aba.model/field/Verc-C3-1_ArbresTerrain.csv",3491,"613ce01c36fa4324aa3494fd0e504159"
"aba.model","aba.model/field/Verc-C3-2_ArbresTerrain.csv",1539,"f7ac514eab7e763404c9681b66e3a3b0"
"aba.model","aba.model/field/Verc-C3-3_ArbresTerrain.csv",1374,"bcea64abee302112ef91ab4fbfed1ff5"
"aba.model","aba.model/field/Verc-C3-4_ArbresTerrain.csv",2678,"320684fd5e29596fac538062bbd28c75"
"aba.model","aba.model/field/Verc-C4_PiquetsTerrain.csv",413,"c0a225ee3f1fa0d0a31ba449d784745b"
"aba.model","aba.model/field/Verc-C4-1_ArbresTerrain.csv",3452,"b73117ec4f93c6800144199ae18f67fb"
"aba.model","aba.model/field/Verc-C4-2_ArbresTerrain.csv",4628,"58ddc35de7a96bd38a85593247558841"
"aba.model","aba.model/field/Verc-C4-3_ArbresTerrain.csv",4432,"f825b53ba2641de95c84ff359fe189cf"
"aba.model","aba.model/field/Verc-C4-4_ArbresTerrain.csv",5448,"93c0455e412d597e6c63a29934bb0523"
"aba.model","aba.model/field/Verc-C5_PiquetsTerrain.csv",483,"d76e161b50139727ffaefbcaa0f4f36a"
"aba.model","aba.model/field/Verc-C5-1_ArbresTerrain.csv",3527,"dc5d2a780930d1c13816efaa7c246cc9"
"aba.model","aba.model/field/Verc-C5-2_ArbresTerrain.csv",1590,"e792eef716fc3adecea335a70469ff8f"
"aba.model","aba.model/field/Verc-C5-3_ArbresTerrain.csv",2308,"8dcd38b10a5a000fa4e709e76f32729e"
"aba.model","aba.model/field/Verc-C5-4_ArbresTerrain.csv",2266,"388b009308a3d9c1ececf13972d238ee"
"aba.model","aba.model/field/Verc-C6_PiquetsTerrain.csv",504,"31f5e06d4e700d15ad4471cef55de545"
"aba.model","aba.model/field/Verc-C6-1_ArbresTerrain.csv",4888,"4b4363c9714bd0e7cd63bed157363265"
"aba.model","aba.model/field/Verc-C6-2_ArbresTerrain.csv",5492,"8334065ee42b8d1569438ac1890dd132"
"aba.model","aba.model/field/Verc-C6-3_ArbresTerrain.csv",5869,"eb36a48df37daf7e22d2f52cd7202113"
"aba.model","aba.model/field/Verc-C6-4_ArbresTerrain.csv",4136,"62a187eb5e52d0776f9e6ab1d69abe38"
"aba.model","aba.model/field/Verc-C7_PiquetsTerrain.csv",479,"6656f6b8472c681fe65c92ddf74324b2"
"aba.model","aba.model/field/Verc-C7-1_ArbresTerrain.csv",2935,"d1872295c9b2a9a5959b758ecb4f0b8c"
"aba.model","aba.model/field/Verc-C7-2_ArbresTerrain.csv",6538,"a5fed6c368a2f3cb2f31b2c22639f748"
"aba.model","aba.model/field/Verc-C7-3_ArbresTerrain.csv",3163,"8b1d03eb6d6dce6d3f1bfb117075ff8b"
"aba.model","aba.model/field/Verc-C7-4_ArbresTerrain.csv",5796,"02d4a47dcd276e35aa9d0fdfd5cdc944"
"aba.model","aba.model/field/Verc-C8_PiquetsTerrain.csv",487,"63cab1c118ed85a2ee855f962ff9c4e2"
"aba.model","aba.model/field/Verc-C8-1_ArbresTerrain.csv",3589,"f5d905e579f1ead85527d48b0c60add4"
"aba.model","aba.model/field/Verc-C8-2_ArbresTerrain.csv",4039,"aaddd067bf49b97978490eb146f194e9"
"aba.model","aba.model/field/Verc-C8-3_ArbresTerrain.csv",5109,"1a17e81214d1e01bb97b6daed3f46d1a"
"aba.model","aba.model/field/Verc-C8-4_ArbresTerrain.csv",4070,"25fd206d47d6fd1cb227be8217b0b48b"
"aba.model","aba.model/field/Verc-C9_PiquetsTerrain.csv",584,"d34b36d0ae5df4dcb277d548aded4eb2"
"aba.model","aba.model/field/Verc-C9-1_ArbresTerrain.csv",6821,"a9debeec3ee0f2231b3c654c36f790ee"
"aba.model","aba.model/field/Verc-C9-2_ArbresTerrain.csv",5851,"da23fb7a01b686d5090fceaea85a129c"
"aba.model","aba.model/field/Verc-C9-3_ArbresTerrain.csv",4926,"e4adbe4821da76480a0c001a02784f26"
"aba.model","aba.model/field/Verc-C9-4_ArbresTerrain.csv",3745,"f301fcd6f1fbb97a7f342a6cbd527871"
"aba.model","aba.model/field/Verc-S1_PiquetsTerrain.csv",496,"9a6a761291f8e716f52835baf651667b"
"aba.model","aba.model/field/Verc-S1-1_ArbresTerrain.csv",3957,"5423326b82e7ab44d938d899753850cb"
"aba.model","aba.model/field/Verc-S1-2_ArbresTerrain.csv",3210,"96c600a2e370f146cde7fa94f3fef60a"
"aba.model","aba.model/field/Verc-S1-3_ArbresTerrain.csv",2806,"aa930adfc973ed7058f5a28f86342bdc"
"aba.model","aba.model/field/Verc-S1-4_ArbresTerrain.csv",5557,"a10bb2542a613fe9df2337e9d7e289a4"
"aba.model","aba.model/field/Verc-S2_PiquetsTerrain.csv",407,"48874ebdeb956cfa6f3539922dd3ed1c"
"aba.model","aba.model/field/Verc-S2-1_ArbresTerrain.csv",263,"d307dd404f2ad60eae2aa389a4552890"
"aba.model","aba.model/field/Verc-S2-2_ArbresTerrain.csv",305,"9c496c943419358ae60cf78d9c52a908"
"aba.model","aba.model/field/Verc-S2-3_ArbresTerrain.csv",656,"2aa94276ac08f0fec0908201cc6d0fdb"
"aba.model","aba.model/field/Verc-S2-4_ArbresTerrain.csv",458,"5fcf009ed99507b198ade1ceb76cdb2b"
"aba.model","aba.model/field/Verc-S3_PiquetsTerrain.csv",398,"64c1c0a6342e5161260af52fc4929014"
"aba.model","aba.model/field/Verc-S3-1_ArbresTerrain.csv",4611,"4b6371b36b56d8dce29cd9e111acd093"
"aba.model","aba.model/field/Verc-S3-2_ArbresTerrain.csv",4928,"985b4f7f17d8d9cbf37aa4b365534a64"
"aba.model","aba.model/field/Verc-S3-3_ArbresTerrain.csv",3627,"aa7f62d6c666ae71f4688b237ce7cee3"
"aba.model","aba.model/field/Verc-S3-4_ArbresTerrain.csv",4533,"4895cc3f3afaea1304da979e070b84ac"
"aba.model","aba.model/field/Verc-S4_PiquetsTerrain.csv",546,"fd429012da49ba3696e8e9ad0fb119c7"
"aba.model","aba.model/field/Verc-S4-1_ArbresTerrain.csv",1144,"bce1ca53574f65a6e804c2364fcb969c"
"aba.model","aba.model/field/Verc-S4-2_ArbresTerrain.csv",1337,"a976ef58d176f1d3d8e6dc3ad7e5657b"
"aba.model","aba.model/field/Verc-S4-3_ArbresTerrain.csv",1722,"b7e8ef3c5b460821ed6d8dd9aba33a61"
"aba.model","aba.model/field/Verc-S4-4_ArbresTerrain.csv",1310,"d98c3ec393d81b36e2da23fb8c09159d"
"aba.model","aba.model/field/Verc-S6_PiquetsTerrain.csv",499,"eb13d352f21acfea41c2b70eb4d71ae4"
"aba.model","aba.model/field/Verc-S6-1_ArbresTerrain.csv",1668,"1e773474348ec3f8448b7592381b5e99"
"aba.model","aba.model/field/Verc-S6-2_ArbresTerrain.csv",1934,"871b363f782726924f23af0c087a4965"
"aba.model","aba.model/field/Verc-S6-3_ArbresTerrain.csv",1741,"efd4365e4f70266a4b2f112a7cfa59f0"
"aba.model","aba.model/field/Verc-S6-4_ArbresTerrain.csv",772,"60405c89e7051f5631b690d1b791692a"
"aba.model","aba.model/field/Verc-S7_PiquetsTerrain.csv",389,"709fece5b7a912fabab9ad8f3ade3fdf"
"aba.model","aba.model/field/Verc-S7-1_ArbresTerrain.csv",1172,"abc4b50242e0e40d1e928933ea45c071"
"aba.model","aba.model/field/Verc-S7-2_ArbresTerrain.csv",2069,"8133216f1fb947a81d2fc6757dda324b"
"aba.model","aba.model/field/Verc-S7-3_ArbresTerrain.csv",2466,"021cf30c8be3cfc187cb91363065b104"
"aba.model","aba.model/field/Verc-S7-4_ArbresTerrain.csv",2127,"0ec9144572d8da43b601ed162f8cfe43"
"aba.model","aba.model/field/Verc-S8_PiquetsTerrain.csv",491,"96b9ca39a554ec1d57a7f43cf663efba"
"aba.model","aba.model/field/Verc-S8-1_ArbresTerrain.csv",2089,"50d680918adf4484452f261b926b7df5"
"aba.model","aba.model/field/Verc-S8-2_ArbresTerrain.csv",2068,"923ece84bcc2fd300965d76e2d3743ec"
"aba.model","aba.model/field/Verc-S8-3_ArbresTerrain.csv",3186,"537cdfa386a55f018a3d810513f44f59"
"aba.model","aba.model/field/Verc-S8-4_ArbresTerrain.csv",2532,"085d89b71322ee000f4381c154afa3d1"
"aba.model","aba.model/GIS/ForestMask.dbf",1085,"8755db9e6ffcb371abd2c7717dc5dd4b"
"aba.model","aba.model/GIS/ForestMask.prj",432,"8e453250ee60668e6afe83a02e4c5acc"
"aba.model","aba.model/GIS/ForestMask.qpj",683,"1860605b27541c8eeb289c9425016389"
"aba.model","aba.model/GIS/ForestMask.shp",700168,"ac52f9ce1e29156357aa5cf33b0ff06c"
"aba.model","aba.model/GIS/ForestMask.shx",780,"4ede070fcf97b5eae80151a976f9db9e"
"aba.model","aba.model/GIS/Public4Montagnes.cpg",5,"ae3b3df9970b49b6523e608759bc957d"
"aba.model","aba.model/GIS/Public4Montagnes.dbf",77,"19299a736374190614b46d5453e9f5b9"
"aba.model","aba.model/GIS/Public4Montagnes.prj",432,"8e453250ee60668e6afe83a02e4c5acc"
"aba.model","aba.model/GIS/Public4Montagnes.qpj",683,"1860605b27541c8eeb289c9425016389"
"aba.model","aba.model/GIS/Public4Montagnes.shp",174676,"00bedf457b5eeb7692d5cc14a1c93568"
"aba.model","aba.model/GIS/Public4Montagnes.shx",108,"c20a400134a3f7754025afcca3b39b43"
"coregistration","coregistration/lasCoregistration.rda",3541519,"afb9aa587658925baa9c73c47da962e9"
"coregistration","coregistration/plotsCoregistration.rda",691,"024f62fb35ae85506e73ae3184f12e19"
"coregistration","coregistration/treesCoregistration.rda",2818,"2ced2098b2409f3358ad58eafd600c79"
